Area_SqFt,Bedrooms,House_Age,Distance_to_City,School_Rating,Price
2248.3570765056165,4,42,10.713387254783628,8,404533.0148656249
1930.8678494144076,1,18,15.453999318740491,7,320179.66073499044
2323.844269050346,3,4,10.52857691116304,9,408983.4263552597
2761.514928204013,5,10,3.041200090048891,2,505139.9792745389
1882.923312638332,3,11,19.24021641778767,3,347792.2140023157
1882.9315215254096,3,9,18.96903774369402,8,322827.29354443913
2789.6064077536957,1,7,16.133411776671352,6,423783.21504204825
2383.717364576454,1,23,19.84390222815597,9,369999.20311076165
1765.262807032524,1,27,11.800681990404733,4,304761.9514102787
2271.2800217929826,2,40,19.32983030455771,8,396616.6383457729
1768.291153593769,4,35,3.360890731101514,3,360583.785275839
1767.1351232148716,2,36,8.582253468704684,3,300895.0559698805
2120.981135783017,4,20,6.056862824121785,8,445737.2430527868
1043.359877671101,4,7,5.524995514416861,5,240749.496841391
1137.5410837434836,3,8,4.53445308006817,3,267070.0711613665
1718.8562353795137,3,46,13.20344554818794,1,308387.2555390066
1493.5844398327881,4,14,16.06379340345149,3,292577.26406212425
2157.123666297637,4,47,12.409371189566492,9,405539.17765588063
1545.9879622393946,2,45,4.645328772587774,5,316971.4310258188
1293.8481493323543,2,39,16.600227858802477,2,252024.13278981272
2732.824384460777,3,17,13.447184728947112,7,480473.22821268183
1887.1118497567322,1,41,8.986982710285918,2,318791.0774190558
2033.764102343962,4,19,14.134345319649134,4,355361.0038731748
1287.6259068932716,2,5,6.678289626370991,7,256439.45698773276
1727.8086377374086,3,11,8.213459752895789,4,341406.9376016411
2055.461294854933,2,1,18.514745176375826,7,336835.2898599562
1424.5032112888484,4,6,7.229081102085567,7,310520.75880344387
2187.849009172836,4,15,10.459788826842859,1,426310.10863196326
1699.6806550405975,5,2,18.022540473128263,6,300580.5989283647
1854.1531251033616,1,44,14.738984304815494,9,291906.58607994765
1699.1466938853016,5,2,3.1196580709646495,2,345825.18676275923
2926.139092254469,3,26,4.651454797021466,3,515770.2076079113
1993.2513876310331,2,49,2.1411486338945025,5,354214.07060152496
1471.1445355220499,3,42,13.356592224124942,9,301002.54945740046
2411.2724560515944,4,39,10.05812165738753,4,440055.96232333314
1389.5781750144888,5,37,4.416947316240959,1,300391.7725845062
2104.431797502378,5,32,19.242814179021867,4,348460.95078994235
1020.1649380601123,5,27,11.533875031021157,6,203640.67431842437
1335.9069755507849,3,0,6.354079294032005,5,273298.07275018987
2098.4306179345617,4,7,11.010864280784736,1,340090.95160551806
2369.2332899977055,2,36,14.23316598923194,4,417171.40971407335
2085.6841405949854,2,31,3.3723059235241606,6,372944.9323547531
1942.1758588058797,3,47,6.944668670862056,4,422298.90087105246
1849.4481522053557,5,42,16.525378835911887,9,390524.7901713018
1260.7390048162863,1,36,10.273967667247902,5,224933.9340029968
1640.0778958026458,3,3,11.838388556581307,8,300208.167206608
1769.6806145201062,3,29,9.790688039770448,9,345782.34637851565
2528.561113109458,4,5,2.790198967574092,5,497767.2212296312
2171.8091447842307,2,45,4.983496036762807,6,353043.79849538865
1118.479922318633,3,18,10.019749497354036,1,192004.98004599317
2162.0419846973973,3,31,5.765338377342701,7,380334.92483883654
1807.4588597918419,5,8,2.899622515874217,4,376974.3356005051
1661.5389998470207,5,11,17.185693952932827,2,324796.9338813394
2305.8381444204338,1,10,19.661465524954085,5,387948.21971283393
2515.4997612479756,4,45,16.27657173194131,3,410777.8701560076
2465.6400595580994,1,15,17.36812859068401,6,348786.87449296936
1580.3912383886807,5,0,6.355588345706817,8,341507.7929729314
1845.3938120743928,2,44,19.291285559237597,7,291662.57523337903
2165.631715701782,5,20,5.544662680161711,3,373385.6747071711
2487.7725635611796,4,29,19.125736586512982,8,427815.6862803387
1760.412881077355,5,12,19.90674729138712,2,340111.95134320256
1907.1705116680914,4,33,14.811010503428877,9,344012.4131009304
1446.8325129969858,4,3,19.660587172252793,4,258546.73488139253
1401.8966879596646,4,27,12.251716032207867,1,272593.8264866159
2406.262911197099,4,37,6.671752097169626,8,430184.27723720996
2678.1200142854113,4,30,9.865925941981175,7,445025.208020046
1963.994939209833,2,26,12.684096836818147,5,324937.43366803
2501.766448946012,1,4,3.3154681164862696,5,439059.62920920557
2180.818012523817,3,24,13.20217876311043,7,387151.9151798817
1677.4401226974378,1,2,19.6612010617213,5,275654.8124005095
2180.697802754207,4,32,5.421937696107097,8,386357.8253838492
2769.0182832329847,2,3,16.2667120931909,6,449189.2550558526
1982.0869804450242,5,24,18.34217828803315,5,317087.3895618302
2782.3218279070034,2,19,18.986628670763974,9,452944.5501222304
690.1274479551278,4,33,19.28244087929805,2,183531.3895909444
2410.9512521876118,2,25,11.386273496986496,1,379387.4981933267
2043.5235341190855,2,4,19.591542343847067,8,325626.8919638136
1850.4963247670662,4,34,15.6315837284199,3,342893.41683242266
2045.8803882677512,2,27,4.910085852265314,7,392118.73922418174
1006.2155426995536,3,28,10.58420191642346,8,200799.43524608313
1890.164056081244,3,8,14.929961156696072,6,319819.6795134765
2178.5562857558734,2,37,6.4521256847435,9,344500.7286455723
2738.947022370758,5,49,13.531073303879973,7,485848.6693340159
1740.8648908631762,4,5,13.998808622839146,5,363973.637186673
1595.7531985534063,3,18,4.928595388554186,8,315052.95824519603
1749.1214782077318,5,43,12.171535624149612,2,337579.5708991863
2457.701058851037,2,10,15.889284397614938,7,413318.23624776537
2164.3755548298423,5,1,10.980121961646955,4,402474.2492222104
1735.1198981164807,1,46,2.2178561019699337,9,299571.98506832967
2256.633716556678,3,43,2.162692443427259,1,430635.2709102013
2048.5387746740203,2,43,8.42652819146022,7,364942.9902804177
2484.3224952664445,4,8,18.671493231772075,6,425657.65286509565
1648.9734530613239,2,20,6.116182032864958,8,285606.3333479037
1836.1689267011159,4,23,13.418546399690369,5,364658.40484448185
1803.9459234339213,2,33,5.99736567247977,1,341891.21207679086
1268.2425259339407,5,21,7.790059813871875,1,263597.8425150013
2148.060138532288,5,2,17.264757612826713,9,407716.0026278285
2130.5276360899447,5,11,15.119505960859044,6,379388.7167240695
2002.5567283212304,1,27,3.7171869916377913,5,337309.0654146882
1882.7064333124265,4,29,9.716636377755805,1,337778.6298917466
1292.3146289747929,5,25,2.52505574561476,6,253375.71179322762
1789.6773386173204,1,47,10.656022638854163,6,316570.40312325384
1828.6427417366153,4,20,13.923812210619225,3,299825.88927248685
1598.8613653891905,2,27,4.133047224766728,8,276994.2337335299
1919.3571441669953,1,25,7.1999289003649825,1,291991.95364274865
2202.0254284072694,3,32,9.161059259038826,1,390260.3018871949
2943.0929506052653,1,20,18.551558443808894,6,461354.41649773455
2087.2889064159194,1,34,19.878590277613352,1,326802.23114343395
2128.775195361382,4,33,2.808403381921085,6,382847.9186469536
1962.7770421169164,2,40,15.698142622917057,1,309575.59600297053
1040.6143923504792,3,46,8.691033195242177,6,227997.489733019
1986.7430622753916,5,17,9.064247352130641,3,368871.9260028777
2030.1151049705131,5,10,15.576769520246408,8,379690.8931358071
3231.621056242643,1,22,18.531675778617355,6,489974.83315667725
1903.8195176094387,4,47,19.116714701045872,1,340960.75309474574
2150.7736711668063,4,21,12.388206548689775,5,413905.1983239627
1982.6441151473784,5,16,8.42818086740905,8,392263.5715451443
1415.660981190234,3,4,16.175883545458028,3,251749.10372328945
2571.4114072575103,2,43,6.5180248987214044,6,447819.6406983023
2375.966516343387,3,10,12.15333251900332,5,407275.00892289716
2395.5159735215234,2,29,8.454412307447717,6,412576.17510722764
1545.3062726026305,5,14,13.81935932674177,1,297645.001193941
2701.3971554680497,2,26,6.327180432083124,7,459268.5083383334
1299.0744686038597,4,34,5.448673023226863,9,278205.6913056087
2293.428546900135,1,32,18.528303560157866,2,347090.5009230656
3095.227812904989,1,19,3.832466293091664,5,496301.6628097655
1504.7318374346557,5,15,11.107242339228769,4,275724.4398601166
1716.851135198614,4,33,5.975350093334161,6,303571.54800304957
2049.8256825438207,3,1,2.700739339862014,6,357726.7198574395
1748.2621729419004,4,34,2.6483387292456753,2,350131.8986188763
1224.6682844669335,1,39,5.153991897904892,2,215536.50856439254
2034.2814874030137,1,27,17.601866381108003,4,340210.779632858
1468.8481431369476,4,46,7.08461739158648,1,296852.2616624204
2236.796215317591,4,38,19.108265070355323,9,347932.8178881669
1540.2878828830985,1,5,12.469201273805483,7,279204.2915692876
2774.96720250877,3,8,9.85905541583779,7,492742.94245647406
1608.3733538318816,5,19,12.441599024050182,3,296495.5515299848
1838.9692418971622,5,0,11.30057093407282,3,361648.0752743286
2406.758608684835,4,7,15.657972567631854,1,402567.8814192776
1384.5678417830222,5,22,7.0849291875113405,3,295468.7254273974
2113.729967302065,1,2,8.354907048805444,3,335059.71285859955
2653.571377141214,1,3,18.09369744559851,4,385986.1826292935
1196.2583827193862,4,24,19.036217236707298,4,223709.97914223396
2092.3169292661523,4,46,18.066048094756542,3,365240.86427491304
2129.9413971242116,4,37,9.550063891231645,8,382437.48791387636
2390.9114358886554,3,14,16.04657905412387,8,382862.9461105994
1381.5246445609591,5,20,10.574043199419778,1,278082.6290426816
1339.7716934578618,4,34,10.955717338629839,7,274440.2143930343
2260.970782808449,2,45,5.684241963031111,2,396879.27289275435
2148.492336616593,2,13,12.640345458653297,1,370643.1801871666
2125.2464251729384,1,35,5.350446159560263,3,354683.7674477356
2173.2241047484877,5,11,7.968164583209488,4,433481.6448401774
1659.9876392107547,4,16,17.390543629158834,6,280693.5918921999
2116.1268485805017,2,38,5.727364565795394,5,385715.5040972188
2146.5362366493405,5,8,3.280849133121791,4,439056.5590903567
1642.824290986816,1,34,3.2421366670306933,8,309557.53216893895
2932.8872555723783,3,12,18.93412136905594,4,478014.36105644825
2236.9164604558937,5,14,11.124567883313023,2,402722.3923684984
1404.3482513986755,5,17,9.36941729270633,3,312635.15614531375
2328.276804316915,3,32,16.59581445814253,6,367590.39322601876
1512.6591648863393,5,5,17.04486670238929,8,273406.65612057946
2393.542301871226,1,26,7.9794385960808825,8,395121.31277868774
2579.297789503702,1,22,14.485125034528314,9,442677.4935067386
1589.6588408241448,3,26,15.880210685333958,7,294283.7574737717
2481.6880646221607,4,33,13.783712363587181,2,415324.8697959449
2206.390463468249,2,45,4.728711346401789,8,385294.9927197357
2411.030079997245,4,37,17.76589550330703,7,403836.25811104686
2948.396491326974,5,13,11.703701949248156,8,504656.2899558791
1877.3059419985648,2,35,7.084503674660066,3,357004.67512160016
1623.1319178212552,3,7,9.65410733787849,7,276726.71041216113
1555.2427851872383,3,34,2.6762796271803326,9,340109.4756384125
1592.0948575172808,2,18,4.301602422003516,3,316775.6175872775
1961.4491452929478,1,29,15.779841509285495,6,344474.92218744516
2170.575987408322,2,13,2.0002094255965908,2,382327.1890195499
2138.3453996650096,5,19,9.498184912681259,2,398756.6257428067
2413.591624518012,1,48,11.405183259540593,5,370565.34086812637
2006.5009459389535,3,24,2.9834195600175013,5,364515.0546294719
2726.7670385786587,2,39,19.515406933501993,7,449857.33887265786
1867.671583381022,4,23,6.070255962494095,2,383931.48681779305
3360.0845832948094,4,13,7.475576953453055,7,556918.3972512662
2312.8336738825033,5,25,7.470965220590492,5,424673.0019014892
1571.4212217918587,4,37,6.147499918112298,6,310392.1990279038
1464.5537509694439,2,22,2.0265287975536053,8,257714.22100645964
2241.2362076215927,2,21,15.128206293583935,4,387756.00339123904
1888.2686073370746,4,47,19.403218996387135,7,319954.0464729348
2357.000247046046,2,18,6.037282699130811,6,407567.6646351047
2236.6188122867725,5,45,13.934849452461604,2,398584.1354998551
1963.5855436715635,1,2,15.354133885256871,8,308042.7936658273
1576.6031409657976,5,41,17.271656823629446,9,301806.25778799964
1242.5763876570677,5,18,9.607325546244965,5,262859.61548470974
1776.7425239664894,2,8,7.452756301527726,4,314168.70834634465
2428.199397161736,1,27,7.85531241241456,6,393950.05231582443
2107.046872065102,2,19,14.82718399577323,8,362793.15623387793
1377.130610644006,3,44,16.70203039710145,3,286237.87617224373
2086.590462925591,2,6,5.269051419618847,1,375248.21125638345
2192.658689864418,2,13,8.676938146839774,4,401467.2914842058
1558.0712818994334,2,8,18.2349235414847,4,239436.40669887638
2076.8625529727638,1,18,16.520483354505306,1,341643.64502277935
2029.1043592229998,2,46,19.727451249724567,9,312963.3850045795
1428.5148510846884,1,13,15.576468674277454,3,213585.79176351032
2178.8936801741415,4,37,9.0775136185026,5,383891.59663993533
2280.3922631841174,3,35,12.63148101190348,6,420633.8641420821
2541.5256215876384,1,39,13.898256576451764,8,432432.6466586351
2526.9010260174514,4,16,3.4122046937082313,6,467070.8389562892
1311.1653160214546,1,29,11.800945263869572,3,202418.89567768044
1531.0874800424385,1,8,14.767774912506972,6,256201.95915359314
2257.51763360433,3,32,5.011783472019086,1,414638.0782746461
2256.8929754561045,5,24,16.05137091366003,4,409941.9290826676
2257.523843153024,5,13,12.50791004925401,6,376736.8847048306
3926.365745327361,1,10,19.139992142556704,7,592868.5205535933
2285.4452553465835,2,34,2.7636013677240507,3,406008.0302835651
2567.7828200902995,4,40,6.775870475998405,9,472341.5002518919
2477.0008817466014,2,13,12.827969827396833,7,371971.6361851976
2325.6956256528993,2,29,7.338078419706752,1,400935.7074989242
1842.3653776798271,1,40,14.85963495328236,2,309496.5121429884
2379.4846102466336,1,3,15.662095085394759,1,402590.7411365298
1613.587392731214,1,3,3.8452873531965404,9,308204.6858880378
1881.5906966299956,1,27,11.249380355721819,9,331391.27015923185
1757.3182260854483,5,7,11.160030000639006,7,325278.8637775006
2040.9370696931612,1,1,8.647053863879739,3,310686.40998374857
3157.329283336754,5,40,18.792647526254097,5,528153.0423067769
1066.367403704126,5,45,16.89511375771798,4,246197.51954435415
2343.1300951872568,1,21,14.549768874373463,7,410239.0670798302
1193.642064405174,3,40,14.857879443229956,9,243541.53282027188
1764.0340671052832,4,15,10.310890588636143,2,342570.14534455485
2544.475298483683,2,28,18.577901379738364,8,422108.2849807951
2032.1400095477313,5,48,14.502717690559138,9,364693.1911158258
1461.127611035347,4,47,15.121659109804696,9,276324.6175646202
1642.348145370016,3,29,17.510436268172214,7,324712.7397856846
2339.798874467338,2,11,6.9332886081594385,9,388252.0938379443
1634.8166841414318,2,34,16.527276269600655,9,314463.5258962105
2108.2292947909873,5,10,5.5143308532168565,3,398765.16942237323
2022.7859199519069,1,45,8.216155140407981,4,373494.21989387163
1674.1998261970914,3,49,8.04098817685717,2,286911.69738589856
3071.972044662663,5,20,19.61345843100453,3,533286.9738606833
2316.9595111590056,3,20,17.417670027462684,5,377973.18389997305
987.4287066711964,1,4,14.621057508624675,5,150566.8471449464
2093.227157384714,1,47,15.087021709077023,6,348180.7110377719
1669.106767615806,5,19,12.11731029924628,7,346320.8303157977
2426.216667398112,1,36,19.047632007953343,7,368938.4073219402
1603.7396307836498,4,2,10.932657551882508,1,278715.3103046144
1942.6317792665504,2,43,8.849318777658102,2,341859.23404796724
2252.4936394902284,5,32,4.934636064768638,9,426256.0672184534
2432.8775970850606,3,8,16.151701740699046,2,423594.628632451
1399.8517964721118,4,8,15.219990777360646,6,288529.6793433852
1832.7493820795257,5,3,8.918390693434429,1,355887.3222996101
1762.5273444195218,1,34,2.4534814512661285,3,356582.2050562813
1673.335383713144,1,16,17.10195189892419,2,281281.098649829
2882.7271201405483,1,33,2.205523702173325,3,481069.4904965976
2202.490855480478,1,23,14.666596033322918,5,328809.0890733693
1369.5580228324775,3,31,19.46462797506903,6,241251.25706841025
2458.9309735273882,4,0,9.877903906667662,9,432356.09930755023
3061.0780985063166,2,7,6.22952128992715,4,535908.7681217226
2516.2326302755737,3,44,14.687678180780871,7,437309.2106611114
1240.3150170229933,3,22,16.708306556280533,6,209043.2570082356
1757.8829635668744,2,46,11.835745689401252,2,313456.0408844494
2633.455574593311,2,39,19.40663495461063,8,439635.6897143565
1646.1652671906097,1,11,2.9300369898433,7,331625.3432866615
2221.909714073114,3,11,11.086320769481507,7,408863.8949202853
2387.3170267146684,5,45,14.932171051805902,8,443450.144989818
1536.5347642109587,2,46,17.52752848068522,1,266626.8775625766
1970.2373219690999,2,14,5.226601014340221,1,362848.63637515355
379.3663299654638,4,40,16.400062671746266,8,139094.9221654502
1487.8061793328552,5,18,11.948727362933814,4,272617.92422446766
1873.7159243034198,5,25,9.137966275819338,5,355792.6695495352
1376.1084090175752,2,28,4.370870514423684,8,252223.1453486641
2816.2056519658177,1,21,17.575323660360425,5,454863.2628486743
1284.9293110196836,4,39,4.830917747234876,4,297682.00467149855
1779.9777566515081,5,20,7.576181465763787,6,339904.8148317772
2065.3702886430456,2,37,7.220819575323864,5,317557.8167964204
2720.6366445330577,5,19,17.685452615435377,7,464480.1765485985
1282.0689244102803,4,28,14.108653895760163,7,272362.50551036984
2581.58187607748,4,3,16.340265149444704,4,455309.3491717302
2005.1165305097936,3,6,6.508422178264982,5,376314.3601761506
1509.2456744760245,2,27,13.247733792925981,3,264291.5175480621
2231.0517371316355,4,27,12.291427696587476,4,374494.2904521746
2099.529847786735,3,3,16.990946782188878,4,371253.47003612184
1699.8915614206026,3,21,18.30956708866269,3,281678.96383507247
2034.9010424950095,5,11,2.2188218865929628,5,444479.4472686746
1807.3432015691199,5,44,14.132358543058269,5,354246.9073163417
2056.758672625624,3,2,2.9330443841551226,7,371034.7460744543
2331.0653372605234,5,21,11.879455971392407,4,413673.18369852117
2793.008408072676,4,43,7.177389122786208,4,492737.5988330573
1381.0922505865756,1,1,7.521978791398542,9,247329.8415647543
3066.5166873281332,4,23,8.353253062142418,6,555607.6724855342
1023.9561002387491,3,33,13.183264082892983,4,210955.2102649073
1924.1074524822084,3,26,8.012899382037846,2,337957.684330085
2294.1586032422883,4,40,15.188582910625048,6,441555.4383682088
2140.495933867516,5,0,9.281492940329654,2,403497.5708298726
1688.6502400897032,5,7,3.230357605579255,5,362213.6143216749
1895.9388748213623,3,22,16.10767716471393,6,320010.9467448813
1753.4995326705837,2,37,7.143649842668708,4,325999.9427701406
1705.3176215278943,5,5,9.789803832786728,3,342440.2353864746
2424.8010485105124,4,21,14.337989897994227,7,387251.19163866533
2178.5077429825237,5,24,7.984210828676816,2,451113.24199923774
1653.545202369673,4,17,3.0185418106408815,6,357807.5859526201
2449.799937716625,3,16,8.730578846230644,4,422064.9266421127
2153.649760438305,5,11,19.00007448849746,6,363001.92027963366
2406.43105941948,4,5,13.551219151374047,4,430813.4528862449
2314.8144209618063,3,25,14.086624676009725,4,400782.86778053944
1585.502494538964,2,26,13.381078765477517,4,288176.5956211541
1719.9094799015152,4,7,5.5818585012698625,9,340654.25290656934
2373.646802561631,2,18,9.530009553841042,7,417111.82106268103
2305.1851327167324,2,41,15.516916370539729,3,413690.0511542665
1989.549203017926,1,0,3.8247121559568646,3,362145.0202433481
2058.663691654391,5,28,7.001349969614821,6,373803.7438307302
2638.8324478942122,4,44,6.973743952385365,6,499128.63633361016
1704.214305582085,2,48,9.776340696701109,4,338891.7557136763
2273.548690585019,1,34,19.64663733695933,9,424780.1636040759
1898.903673783053,3,39,3.215045840308795,4,335935.5787220484
1891.15939838639,4,13,11.33661789885071,9,355858.3142232626
2549.388425993595,2,34,5.228564276219788,4,400309.1612828199
2412.708174494015,5,47,19.472177817375396,2,434024.85366693564
2406.754818000319,1,44,4.039463085094356,2,401970.29056652373
2652.7394035771645,2,19,9.264818042508642,5,487850.19034805644
2010.5019208163794,5,48,15.281929727022911,4,355519.1292680395
2340.976485647482,2,12,14.681979704494015,7,357998.8526787891
1844.866621703272,4,37,9.609115464090781,5,338086.4875132588
2162.0831762442212,4,48,8.237435023148928,6,358327.8509659926
1934.9284728161576,4,45,9.15702281395167,4,376947.21438466647
2048.497982496359,1,48,6.7569727368555075,2,312459.0909756164
2297.5785127184568,4,7,5.695992896722396,9,423813.9427379869
1590.8896583832638,5,42,10.69471455606002,7,275687.78324824554
3046.19363784273,2,19,6.833607609216932,4,506855.8743672428
1496.991309250149,3,32,7.174309968150502,3,323067.639567312
1392.9056936061338,5,25,13.821609142542027,3,288505.5935845519
2579.055436750034,5,38,19.43367197059806,9,430721.09947201033
2395.831346981468,4,20,12.865469610068752,5,423019.69304830104
2312.0599085260774,1,48,3.3856304071693932,3,400398.0629054617
2314.17275463214,2,41,3.360505049373206,5,419857.5100129427
1993.8766135765427,1,42,19.125617975220187,2,293493.08882042445
1551.3728142570842,2,40,7.351234225532005,4,299854.79916444526
2037.9022790968631,2,8,3.657205749484558,2,314283.09773350484
1661.4191442439442,1,23,12.782802568706868,2,271049.5754519017
2487.5598667088757,5,36,13.22567800922479,8,436917.1471388509
1926.4713092489308,2,48,13.673086762136387,1,344291.05938449164
1587.2514016037442,1,40,6.813236501435743,7,284913.85429122753
1839.3070791735033,2,16,2.2719923158605506,5,313240.8161671787
2206.4657271378123,3,23,19.370276650180493,8,352529.4432539706
1718.1377235980126,5,20,6.516074822439845,1,348662.1090857703
1588.8898022167843,4,38,14.168473184945855,7,298415.1771253348
2121.843605745956,2,40,14.719337657816773,5,347255.383353545
2122.4832855543614,3,38,12.980133507430743,4,362795.5500280531
1746.5284123144352,4,12,7.632333095845668,7,350637.9555986597
1764.4808471908386,4,10,6.879732567753184,2,330558.8104857351
2116.0249686788184,2,45,12.758029088648655,1,360125.862243944
1275.957829251338,1,18,17.589721405010447,1,259612.96333929064
1296.2681128117224,2,10,19.04120712062112,1,197884.14994283768
1640.777889373782,3,12,3.9063044792676376,5,281267.2198160389
1893.2764241440764,4,45,4.786915026758957,7,380089.42686406564
2155.4537827990025,2,44,19.005252658095433,2,341734.7008777774
2737.678108474776,1,0,15.257634110026267,8,433771.69749631145
2428.8298116010096,2,39,17.893888846935916,4,382913.56648365734
1920.0307350182864,5,43,5.647387414436177,3,371513.83260852034
1990.4918960486557,1,18,12.576545679969234,8,365391.4552892867
1498.7353176810957,3,11,14.620512699514526,2,291611.8414254977
1990.743432003805,4,7,14.242013938045508,3,377371.95716221933
1855.6706805399308,2,7,9.346730435600566,3,301332.6000939356
2161.3592801690447,1,44,2.2771080504435526,1,356626.6011934122
1586.3845282238385,5,11,12.492669022476736,6,256190.76799891377
2259.673257120586,1,47,6.555827705232957,2,369651.71673596697
2766.369456501289,5,32,10.104576430572026,1,513880.32934176247
1945.6199257715712,3,44,19.236458271508713,2,343709.0026376856
2200.8558610494706,4,25,9.182635717563825,6,397332.84246325045
2345.0719958555565,3,38,17.11642891995968,4,397081.935864053
1799.389764057082,2,27,5.393730903486521,6,315343.2919500811
2112.0462409052084,1,4,14.104288964450518,9,352693.5358549159
2006.2962003908974,5,7,19.586125179900982,8,377089.7452884449
2048.838049274416,5,24,3.834075815712862,1,367339.8200115272
1613.4951080722667,1,26,2.149758960089456,8,303717.70204740803
2012.2550871294713,1,45,9.804490267387058,9,360877.9799537399
2248.999145622725,2,22,3.6672586949246098,6,391713.3486742921
2725.571803897521,3,29,15.470918294172165,5,471907.9462386955
2479.6354130426034,5,44,18.46187594927406,6,491314.64894729346
3076.5912287557785,2,46,9.81237750875766,6,509777.0734361136
1616.3262185559752,3,22,6.656809558797937,9,317001.45466590684
2436.1603183603393,2,48,9.819259742118977,4,401024.3865965851
2091.671002869176,5,46,15.022060721300019,2,387331.5522398174
3094.901466608836,1,19,2.1629749084466776,9,529114.702674078
1595.8508573224242,1,17,12.61017181072455,2,278054.1317823173
1580.139078909612,3,17,13.039250327972823,9,270548.45478631905
1700.303677277989,4,1,13.47838844412684,2,322216.0101299536
938.0521378450965,3,3,6.35639743965579,8,237238.94457180562
1737.1224891596194,4,29,14.852949020806282,9,329835.19062262087
1620.433669223151,2,32,3.6450467539719753,9,325014.7006569655
2075.1968932381037,2,35,5.586866056402415,9,365365.5624726581
2170.87798788858,5,17,17.794460839780676,2,405040.78129219986
2938.085419607943,4,36,15.297016713078195,4,505704.13627936563
2475.2119190930252,5,18,2.2474199722042147,7,447768.7333258007
1711.5481721687984,1,46,6.470772686656404,2,310161.1005479845
1550.792664325821,4,27,5.859316693876962,1,291066.332992313
2245.9595857532527,3,39,6.874513904665506,3,390487.30455596105
1339.883396489679,1,19,6.456075865037955,4,251856.92388922343
2915.7293829271766,1,48,3.1254733233712235,8,497053.3462599365
2589.7200603606434,3,32,10.260929298742766,6,424151.5011550684
1765.4121739476477,1,11,15.189202546150973,2,315513.1364235027
1143.4327354545612,4,14,12.921171044913855,9,247112.69379436594
2676.9361870827065,5,40,14.111690034765436,2,459222.4792806574
1942.730077373691,1,38,3.4606852136523045,5,313736.4452497656
2618.908155986731,4,1,19.12683278318217,4,441684.46625001665
1202.7861706028166,2,28,17.092853009174448,7,207313.3452948504
1700.3124885231136,4,40,16.49162573292193,8,314326.4309536836
2002.6218498590915,5,9,16.813708490751814,5,359503.5272742488
2023.490296882371,4,1,18.788789146389703,5,315796.8290246761
1774.9672642603782,3,10,11.796571390046559,2,314885.00809294044
2311.4249661737495,5,12,5.6050763216172665,8,429391.2100614616
1466.1897853087028,2,9,13.102104941345742,2,276397.4784090951
1928.8102574893533,3,13,15.371866886022902,6,324613.8113591362
2060.1478158559494,4,17,15.282513080372457,8,402030.63968509884
2257.2194170293747,5,8,11.386082435003843,6,377577.9366713634
2355.807439044445,2,38,3.232256948004405,4,443129.9519167104
1437.6789540810655,3,27,8.6800328917423,4,273805.39791111316
1232.9429146321888,2,2,18.573798952340432,6,234985.53673701858
2638.8384109492545,4,19,12.520080375633668,4,462381.6305722955
2166.157005989796,2,5,11.68997497860284,8,394334.7116617731
1625.756731721723,1,26,6.839363258879484,9,282437.54394944326
2775.5759877612613,3,1,8.63208055849842,1,457099.82854363613
2057.8373171464295,2,28,18.116229604757045,4,370853.2241078716
2589.6485920319133,4,37,13.996334855483044,4,448185.0061761781
2033.7592407050545,4,2,16.17296648154199,2,367149.12261515844
3030.3739624409936,2,15,10.178217615217793,6,528894.6974166094
2877.6704212216023,4,29,13.344449950210842,3,474322.55844093
1875.5179257604632,5,39,6.470904957377735,7,380295.6969020992
2485.785475477178,5,1,14.698294945102752,5,431673.33630211337
2322.6879747925736,5,16,9.696824006660071,4,426366.16109267843
2684.3157787661744,1,40,9.96581926666542,5,444161.3075892811
1517.5382697099478,2,11,13.68780184238387,8,240250.69954278573
2343.0257299992195,1,34,18.85305118644068,3,358171.0162705928
2529.212243424794,4,42,3.1521142389551766,7,490099.0658840716
1120.6302567884427,1,0,16.845378272246137,6,212127.60574547003
1408.3707436671125,4,44,7.262895987419476,1,285477.0280286832
980.3839111199497,4,14,9.9905501811148,7,221938.95547602072
1865.2965827777211,3,25,2.3944399179501614,7,349120.7574680287
2358.7711278979814,5,36,7.418829401017635,1,466109.6780992216
2751.178526048014,4,20,11.047362367342348,9,476575.0026166342
2037.0473902098877,3,48,3.011169392253902,6,384171.6115896723
2814.307772785646,5,30,10.839723128896972,2,523387.32254289434
1309.9492708925543,4,24,18.68799131945169,5,233568.9782980617
1148.3087803224225,4,22,3.897077925940494,4,285627.9448864203
1972.2261505516906,1,23,15.759933105359078,7,293704.82817716786
2192.0327244696537,1,37,9.374078960767868,8,402649.5933711683
1983.6526259529535,5,27,13.793126861438084,1,362508.12849102734
966.2789499800617,4,20,6.684258763734128,5,216719.35001303535
1955.4399802436058,2,42,4.870860725744449,3,315774.0721613931
1347.7652497475733,1,17,4.888327056882076,1,243292.239000818
2334.836274415019,5,35,3.268855021576604,3,422891.600498562
2183.299123048424,4,34,5.341640688222374,6,394658.66017334943
1530.0601068363223,4,44,13.955948929801428,7,288850.89885006787
1743.0665413316533,2,8,17.870431013183143,8,314874.95146283985
1470.3932390555242,5,37,16.654262340640912,4,291402.52820505935
1968.660451363414,4,29,14.332417577740713,3,362787.76561705297
2477.571160250619,1,43,3.9877735413998483,5,401749.73917788186
1507.1369768322281,2,33,7.205374033327097,9,264044.71666612546
2252.023257758922,5,31,7.576523755804441,6,458624.94151925575
1734.8711908137795,2,2,6.499225035157182,9,302528.2078564877
1603.563583868828,1,2,11.270101874775015,6,311118.4988719201
1946.4848200227211,5,27,11.639968667834106,2,363831.56169012265
1482.378838790313,2,43,8.423947553079984,5,275554.68943525705
1723.1753473264089,3,14,8.368204857255847,9,343147.1955890482
1401.061053705576,1,40,16.914000762309463,8,261769.00496999058
2982.3625664581946,1,22,16.20727126975434,7,472723.59122363874
2017.6317759858644,1,39,7.540324970253422,1,339799.255386942
1650.1372460037073,3,10,18.448191989718666,4,289505.7939506745
2106.989955367111,3,47,19.150670306045107,7,364506.30325761886
1943.8359751545852,4,31,7.881365756540735,7,383638.7384975014
1889.5152002333884,2,35,8.379649078274987,6,336752.57905834133
2307.0833500217127,4,32,11.101414761595258,8,426237.39894052944
2378.7538550236527,2,23,18.940174625606122,6,421699.9236477545
1734.7494261947363,3,38,17.77374979656161,3,312291.1065813829
1712.09087967766,3,33,3.8462233265046164,4,335354.24241873535
1862.474151424178,4,27,9.069153378885492,3,320854.5994540544
849.0394176322077,5,36,11.960681415495893,1,150819.9470772581
1242.4044689007237,4,6,11.05638450592772,5,262015.41590785646
2683.4371337222624,2,3,5.489535222864069,1,459640.01498699374
2822.4838567506417,4,36,17.458701881026784,1,468159.52125224785
1875.4819802218108,1,0,14.184934093943072,2,317823.0329291124
2288.2784815278833,2,0,17.082350747332463,4,377868.99615057936
2155.625077271768,2,46,17.4577570282905,6,380983.85254686215
3539.440404227619,5,19,15.470405365983316,8,601697.4672673558
2559.787455717288,3,18,9.905790822494911,3,429218.0710112
1936.0412042596167,2,28,12.989841590277642,1,354229.822237573
1522.229779699787,3,9,4.886577310155377,3,294218.69083573326
1196.7768398712137,4,17,14.125617514548338,3,251796.0246250315
2101.7318179336116,1,27,5.226558603307053,5,355258.44135957165
1621.8246273578484,5,34,14.491092629182823,4,301294.9711353629
1288.873145201163,3,42,6.132766893571436,4,262748.8025967455
1676.7135578787368,2,46,4.1159234027039595,9,313531.7597472763
1459.2259981928025,3,30,4.975120822573234,7,298530.1987911106
2843.5708175362824,2,26,2.0358584339432646,4,487090.990696361
2440.819878474725,3,10,14.937313121363545,3,379521.1598530737
1996.0136793416914,2,48,15.183218883050824,6,330380.1364633843
2739.972069445013,4,48,11.26880029843867,3,494334.5791627509
2038.684153823809,2,37,4.904530418996907,6,360046.0406507154
1569.3578993358683,2,4,3.5039780751924154,9,293468.0606997044
2761.5620386348287,1,7,2.344321395871166,6,489273.1931216007
2269.455021842329,2,33,4.983467185373973,4,386211.854360423
1481.3769228367719,1,47,18.03539962969664,5,215279.67480126448
1904.830660958196,5,11,6.347663150630272,6,369816.65045195894
1562.1908733076214,1,37,8.376883889909882,3,267891.3841913487
1308.600134517832,4,0,3.896218720663997,8,259172.65634128172
2463.088773765821,1,30,6.002503485467065,4,413950.73997596523
2954.708320235065,5,3,11.346042274043691,8,530344.276432108
1300.7162130904294,4,48,12.939548295721746,3,259042.56414076462
2281.4846183452855,3,44,6.416341654991799,7,415529.630895534
1674.6787154390865,3,49,3.0391788660521097,9,361391.60355406726
1756.437308117652,1,4,9.038591644293176,4,298530.83569791017
1703.8030378805654,1,29,6.215660676674014,8,308706.10702163016
1568.004615160092,5,23,5.951970618136435,3,313112.4837857582
2024.2608139724134,5,2,19.277530448842196,7,348156.86680043815
1584.524941794481,2,10,13.093408746663034,3,269793.7707074907
2135.2284128899196,5,44,12.023811977097726,7,386661.46654885873
1974.8809452754315,2,3,9.483951863419794,6,354453.75401541765
1880.5259765667952,4,25,9.720998001742597,2,399618.4162155493
1546.218168979201,1,26,11.736290069085454,3,254139.27648319243
1711.6143347158336,4,45,14.53573652664993,6,309338.17104176595
2377.695612912878,5,42,14.63862973127293,4,426114.6222121609
2250.4585938121904,4,26,5.090490338698093,6,425303.78536862734
1511.2223776007245,4,41,11.002029537379286,1,299950.31380444585
2049.666152714613,4,49,9.415245710613835,1,404301.3473649266
2375.6935616858946,5,5,17.669485392848916,3,372487.2220564821
1165.2973594393143,4,14,13.365540581930775,8,190324.92534812214
2271.6800961899676,2,29,11.585073195487672,8,377664.30459731683
1668.6881205270765,5,41,4.077103559220513,4,364095.0147114947
2285.2993342965797,4,36,12.901482007821405,6,375678.9754967322
1618.3704217287416,5,36,4.109670302244202,8,274383.5758609477
1097.5589496677405,3,41,8.069718360183536,7,239917.99385417817
1186.2287810584187,2,36,4.571155366657973,7,243665.15089950114
2024.0424733306909,4,34,14.45732564643864,4,342887.5515707378
2129.861250860741,3,22,5.712538049050747,9,368343.3195165911
1547.8416874477957,3,5,9.053468717384469,6,274674.4412897069
2319.296229388687,5,3,18.122145997138016,3,413860.8487635058
1169.23996886552,3,17,5.677694901181465,5,231504.3000038049
1966.9601006763417,2,8,11.140491151258024,5,352644.3111784456
1394.4919001187718,2,48,9.546889900988397,5,202987.47195775114
1674.0819460989205,1,28,2.326232738823135,8,289322.7891346358
2023.699335658207,2,12,16.26964604431063,9,318494.5290418888
1569.7933173580238,3,46,3.2428263136627953,9,303856.5314089281
1807.7222278850872,2,16,10.536590377585165,6,309324.19825778995
2503.14640460722,5,44,12.092209308901099,6,467244.4176711961
1711.5540652384257,1,31,13.311676219062567,9,252923.02191443756
2417.846056032571,3,47,14.395369327541761,4,414795.9992764172
1435.1465726711908,1,21,6.558902903408871,6,273320.908558095
2264.9020889576414,3,3,2.1796179798520887,4,452509.0261151811
2720.78431032895,5,4,15.021985922388415,1,468438.3552826962
764.1777499363554,1,36,11.641818788256415,7,157832.1970009908
1601.5523722647617,4,40,17.05011865773048,6,260055.36267300602
2288.53606359027,3,48,16.784990532212497,9,341871.304387855
1898.4773069785037,4,12,17.1798710201819,7,357307.3415220458
2185.5729366856544,1,33,10.731703879631723,7,366261.3268706233
1698.0074066420898,4,44,8.005311125063582,2,352260.74254215485
2043.29489373645,4,21,16.248047646644658,9,336530.0809877832
1922.1613823039602,1,22,10.12329403452659,9,338475.6620671159
2583.8910308299037,5,2,5.301959535261821,6,514356.0923648389
2127.2104216506063,4,41,17.38953235210654,3,382696.6107105232
2168.801331037601,4,33,17.88607778190225,1,385079.6742036566
1794.0615169387663,5,31,10.393575610523062,4,348493.19793625583
1756.1968879637532,4,44,3.3625950915761744,3,315286.7138688924
1783.7209060901896,4,48,8.980869618504762,1,366707.85539072583
2197.2260711891486,4,20,16.463677870326862,3,374439.4021416173
1789.5077595898686,2,45,18.231932513832117,4,312051.96403847635
2144.8874284482063,5,43,5.662509364956725,8,379147.4094058924
3037.7003993227195,4,20,3.2055250164548874,9,515654.81657534256
2435.562351715846,5,43,17.792308156391094,3,458451.48442903947
1836.9882339160795,3,10,9.009288901619755,6,330583.6115050156
2600.6069610819723,3,38,11.75169735681614,5,475653.1589695144
1795.9623134892242,4,3,19.42518461691366,6,318979.36460838595
980.9377324110731,5,0,3.198165102456011,4,203906.3741975918
1495.9568445412979,5,27,13.66972413413772,6,314895.4304075537
1064.6040394870722,5,23,3.333897606347607,7,241224.96435525347
1824.2432579793456,2,34,8.758440712397007,9,340093.3835424487
2009.2091895947758,3,12,16.468661813482043,7,348948.2721630539
2838.218656137641,5,46,9.80250018960142,6,475265.433482586
2163.463686882081,5,33,19.94928237025311,1,387906.88359921734
1890.449735595568,2,10,12.063067129038838,2,373365.7889243135
2414.702790591745,2,35,7.780918747447163,1,426503.31026415655
894.4323454960575,5,16,5.962003866285556,9,221090.48903172827
2117.807279054283,1,34,8.309369617150914,9,382559.22066297854
2385.4325969434835,5,17,8.705598927671915,7,444617.06099024095
1260.7068771100792,5,39,3.2368461990312976,2,286823.0237737051
2571.8770216034645,2,21,8.652335589681917,6,416644.37861797377
2169.2482037472073,2,23,10.356293355306049,4,379351.60436726094
1792.3560430495993,5,18,15.009279540298484,1,359543.7157051818
2316.3909330531424,5,36,13.821130724988944,1,403095.13546599296
3135.3464289021977,5,38,14.757781794124776,5,569276.317172019
2090.9331275292475,2,20,2.1505462737834278,2,377504.75609891774
2124.110293150168,5,7,5.918013192449649,4,389025.12735685514
1770.319550229878,5,27,13.910317191197416,1,357679.93969049177
1575.0778152676041,4,4,10.711808627235449,4,299102.1703209044
2415.167908272123,1,16,2.095642562030227,6,433274.19886648015
1571.9580870455663,3,36,16.480903563772802,4,276996.7332841186
2035.7831186096962,1,35,15.910572319226073,1,332349.80028240423
1761.1712766174417,4,18,11.871544933884127,7,340303.8057115338
2239.489912873196,3,26,3.196339863972898,2,415348.7483548337
2166.8310526434743,5,33,15.797270891586523,9,353519.48050431337
2518.7699721289496,4,10,12.50684457916455,3,420376.9318591255
1744.9918005726265,5,44,16.075279588843266,8,348186.4106040238
1865.0625323533143,2,46,15.531445863125128,8,316053.756348716
1510.6181421088463,4,11,16.45403729524107,3,273210.0206704164
1777.8533699619443,2,20,11.324145195283247,4,286858.23479857564
2188.650246522426,4,10,4.52584132748327,2,387651.12789788045
2378.494308322676,4,38,14.080834520834395,4,378176.5044074937
1538.9173379111874,2,27,13.16852813093547,9,272474.93005077646
2434.8029600528303,3,4,15.360557369583569,2,402530.5776571364
2677.8189294024755,1,16,5.057858108913235,3,432225.36537283857
2206.7174516118503,5,19,5.509553598205206,4,418626.0420420081
2938.397906279033,4,40,18.027371309947913,5,501984.3559390139
1613.1054004482135,5,45,15.499600372137275,1,352830.56796715636
1377.6726483442915,2,11,18.34811279660581,7,209717.0032671678
1110.6398755478608,5,5,15.656875780950573,7,258469.85063628844
2748.0221557445916,2,16,12.748795507825434,9,476167.76356633933
2327.182828177029,5,18,13.774389266501727,4,405946.7909060169
1972.2076645447726,1,25,18.00430263092018,6,323887.2635115962
2139.98431315991,1,47,12.418521581214929,2,347007.9388248043
1437.2554763508117,1,43,13.383043837910973,4,252536.00538517456
3222.875989808413,1,43,4.81658088806481,2,563980.8569632233
2064.6105909876137,1,31,10.53058196208985,5,360742.54937658866
2054.6973973024465,1,5,14.89514801524578,7,348586.48102954426
2362.883311949346,2,35,6.8769685696945775,1,402072.3732539199
2240.5046158683567,4,37,5.640575249441628,7,385113.40858288354
2111.9420121395656,5,10,7.64888254803948,6,397324.17251404765
1604.762772277344,1,32,6.347011303871002,6,312152.5563311379
2235.734178567998,2,23,5.868427466655126,8,363079.9147200965
2941.012248237517,2,22,9.647315171625564,8,470755.4195288425
2672.7100230774886,2,14,18.341093249903615,6,436749.6716864974
2796.5933133196986,4,26,11.12707364129693,3,467541.75401841564
1744.3921617844073,5,10,5.382566854675814,5,335043.2216160052
1505.1975898707096,4,49,3.3854900488557336,2,300536.6867483314
1937.1065399501758,3,16,14.530810612482654,5,314192.0116837581
2027.8624561443473,2,13,8.890377759854982,9,336916.1759776148
2547.0957592354744,3,26,16.792957038536468,1,442547.0081439944
1153.7676851425904,1,17,13.871193835533862,5,179175.36945570156
2764.7751597303068,1,27,16.332346109744634,6,410094.13905016
1920.9960507105052,4,46,6.8950287095320775,7,351758.8505968337
1786.55946502629,5,46,14.462460604299046,9,353698.1085955424
1493.9478123699164,3,3,6.753115724486938,6,286647.50424657576
1172.5716640671153,5,6,18.903232630105247,5,228787.66278754442
2411.585291980957,4,44,13.454737067600739,7,425715.4956122542
2036.658983594202,1,34,7.841212403156158,1,314902.27407562494
1355.019550129473,5,47,6.851213521260908,5,299444.61855239974
1352.4606139681919,5,8,5.436678531289584,2,299664.4356607225
1832.107650354936,1,7,14.5035372600871,4,297622.9035511518
2834.5107626446966,3,44,5.936881033962692,7,513421.34256470745
1870.2043243181977,1,16,12.715458786694803,5,292549.8090952793
1248.428523440947,5,16,6.763430484656432,6,296295.5974119006
1877.1284679570279,3,48,13.915441006289635,2,336828.2614928799
1863.6382151261648,3,32,16.668915113729703,3,319476.85024390183
651.5566785292142,1,31,16.004454376603757,7,125327.12031880837
1972.8525667410938,5,7,15.695323956754072,2,362391.94178143714
1884.532734895661,4,18,5.3790033024605375,6,386327.5615577824
2348.103182406709,5,37,3.590929045721337,5,423500.03672014346
2924.4780474726726,2,2,14.581078912772941,1,464259.1645124231
2563.2825147738786,4,4,8.630249848298323,4,477957.9353609347
1865.5556547225847,3,12,9.782232075260252,2,328358.18535419
1446.7370456291649,4,46,2.560683670281039,4,319899.85105044453
3286.67990162493,3,45,6.6723760869508855,1,593645.952730012
2029.609217007244,3,30,2.606175269740352,2,371193.13147277327
2006.964645956473,4,15,17.825343906822457,8,369021.25561133213
1987.9374564449984,3,49,6.381140297933548,6,342354.4922440855
2099.0423803839276,3,31,12.032069052314146,2,385886.88491431705
1927.8197940380287,2,21,2.7016277719003474,6,357758.1932816389
1713.1689965598819,5,28,14.003253043501845,9,338429.60904018296
1726.570529379804,5,21,7.81449222357369,7,330445.1535191153
1983.6233648920008,2,42,18.162545365237985,9,297996.7456919807
1728.2876144331176,4,2,17.986127400812645,5,323335.92865833244
1643.5771086614177,1,9,7.85523113051146,7,249558.0409886006
2053.2151138459485,1,41,18.217296122428422,7,325200.66498718475
1872.5113912895724,1,20,19.93083812297802,3,319838.66977587924
2751.9964942913443,2,15,16.857481954231066,7,452922.46495270025
674.515095803494,2,11,17.20768425959412,1,175728.7487471321
2545.7534259612307,3,1,6.482157249963619,9,469400.88244589284
2623.0425962488143,1,40,12.380643179439614,6,415617.1353119314
963.3048837959252,4,23,3.2106064514126214,5,228620.78726359233
1828.6562029598256,4,34,3.708522862790055,7,355933.970667505
1814.2795670021042,1,29,19.980067016599232,5,260538.2657501946
1296.2441526410894,1,29,7.879506489666397,5,219869.63158714355
1611.0916562045622,1,46,15.467310416879235,7,259513.9094573286
1444.7120772670855,2,34,16.519970954482694,7,212942.4596239787
2876.1352217118115,2,18,17.444418878130126,3,467481.3148655444
2467.8391965737305,2,49,19.957309353238816,3,395279.82388652116
2635.7775474970795,5,7,6.346936734623621,3,449214.8806290832
2360.8360320216175,4,25,2.7263148834745947,6,446757.03234184015
1435.4741143913852,4,48,9.401447323902548,6,300835.6774047219
1737.7398668601131,3,39,4.341452056921045,3,336518.7654924726
2244.687280613959,2,6,2.4036660049169924,3,395414.3965780804
1388.9360955540274,5,29,8.48768288854675,8,303193.8915910477
2356.499215086194,5,6,16.107288519354256,8,434864.71243375447
1879.8373009209324,4,2,12.191252442051276,7,353741.16164843104
1812.5895962252011,2,0,7.630003805786373,4,310136.1868135122
2355.4799841017457,3,35,13.778156098868955,4,411297.7007277476
2222.13165574302,2,24,6.176327245558593,3,414876.7068868454
1819.51691709046,1,36,2.2588660292975304,5,316477.22433273937
2579.664901682124,2,0,15.758360955855693,3,467391.8001232558
1459.4683362000515,1,14,13.227375527552164,8,241952.88069519566
2307.967803472132,1,36,15.72144724101728,7,375400.416305588
2296.550628984192,3,12,2.700884300377981,3,405631.11382674606
1845.226780343005,4,39,17.06815330095174,9,337113.1271679525
2163.066511121059,2,7,13.15147160065346,5,333312.59961414646
1374.4432118073487,1,4,12.141116312827522,9,230963.4131691128
2462.0135096034505,2,8,13.243052866061568,7,390973.4967014231
1907.5489317785054,4,0,17.559798443630555,7,343719.5098373605
1738.6384897404803,4,35,12.564857118060328,6,345555.0067351295
2524.5046129184448,5,34,12.457106837987228,2,466681.6020040833
1647.8281547286203,4,1,19.832224827183786,9,250076.58633774766
1295.76935181822,3,39,15.621143007234224,6,283964.5098168222
1221.685413238048,1,22,9.961288498120435,8,229235.8338018837
2303.00497567282,5,8,14.733146000592699,1,400454.47153987753
1359.7853237518584,3,33,9.006148490452192,5,269098.0599616931
2877.3970909921823,2,45,6.119758324702982,1,492893.84344947524
959.035296058139,1,13,12.74333378397967,8,165031.65250173025
2848.228184145019,4,3,18.707277766051128,8,483778.0054364921
2105.5087336013094,1,29,18.724511360278328,1,326227.8415672336
1951.6434440648038,2,30,8.154295005898826,9,338350.6867441225
1727.540456595525,5,37,11.49819439199051,2,322409.096990246
2199.5680571760354,5,10,5.809446174257502,9,389662.89043309726
1981.1826487875758,5,34,19.921359970979903,1,360251.40678048425
2551.650941008261,4,7,19.660122341622845,9,445133.38519832015
2057.1138243310197,3,2,13.691160734734051,4,371482.42410171224
2075.1508807309388,3,13,16.47945307419452,9,374712.2310139565
1818.193893893072,1,12,14.8718029031066,7,309472.2824780449
1971.5271881394663,4,44,12.676847942710427,6,349720.872371161
2153.9008844460295,5,31,2.9602639458001585,5,433957.8820639279
1144.9158036716872,5,33,10.185758165947899,9,224215.50342201858
1325.9072889471436,2,44,14.14615343901339,2,222580.35881379514
2371.6320470113574,2,18,14.195569049906323,2,378069.66752342606
2085.432719063971,5,37,8.716207131602904,9,416983.6147791761
1908.0083318236605,5,15,18.95045575984455,3,367156.10853666154
2009.2169665326967,4,1,5.0124265802620585,8,391103.79656028026
2173.7908526808355,3,39,11.006470031880092,9,405494.2851426011
1730.1201598453192,2,16,14.43591157791481,8,283060.5451727285
1610.8476372988437,3,33,14.548444506052567,4,299502.15897994104
2097.922627548841,4,41,13.67550122183868,1,374833.9031209855
1510.813611192484,5,15,6.955187842133483,4,329649.3080723039
2204.126377857236,3,37,4.811718236359195,9,398691.0355548231
1148.7081978810797,5,1,13.446925882880796,2,237713.52014819873
2514.5778186628218,5,1,12.787438090509879,3,462429.9669896233
2236.2987412065213,1,25,5.228408185206337,8,402511.3781543902
2128.0148671569377,3,12,14.69250462027014,6,356450.31693606434
2491.345491972757,3,46,10.193095851205815,8,432094.1186664544
2832.7372222312883,5,30,14.019690648856752,7,475702.3893641467
2507.1850325090654,4,33,17.072607435862714,5,381971.3196547756
1079.5628843341774,1,38,5.055111714384617,9,215833.40184963195
1360.2115166321491,5,2,2.34460762394306,4,311520.61937202886
1687.5907111521606,2,7,16.023846555124162,6,296332.24974431033
2013.0455251054168,2,22,12.974553652747087,2,307016.487105231
2258.8295102345614,1,13,14.59351225319819,2,362620.4134272583
1637.1280934232673,4,26,17.086789549795565,2,257028.67971287738
2093.383382238539,5,28,16.450596826841007,7,408500.3358351826
1622.3085338233386,3,38,19.296562644718843,2,263032.0631417014
1694.241098504026,1,38,11.646831419338127,2,315950.5741261256
1296.6694515758888,4,0,10.792921387878296,9,281831.9678343096
1538.3833769445478,3,16,9.233969598033141,7,274277.76029489463
1324.1576971918332,2,40,4.7664387711956815,3,236435.07801102873
1512.0633735113336,2,29,12.306930191876404,3,279203.049970674
2526.82089830392,3,12,6.986225437867618,7,428164.20312619134
1525.3005555840284,1,20,18.583535219833557,5,253677.70574110132
3316.1910324186956,2,18,12.497434476987756,6,532777.2340926905
2246.6589504404446,5,18,12.671123249145984,8,376033.42777846206
2092.418061847437,3,24,8.388643895786181,9,332476.06110305403
1570.8211099093933,3,21,2.9358083355987348,1,314285.23478510353
2350.1549397044955,2,30,2.571387776713795,3,406149.31047563424
1712.181086881113,1,16,9.620032594757555,7,286525.3015043692
2061.0049073226805,5,22,3.5221768057502816,6,416023.6592687772
3280.0422691343974,1,31,12.923245199722505,7,549628.6955033634
1951.9700501376751,4,9,17.857514101513836,8,341629.5848903874
2574.6366631428377,4,9,17.892466697337,6,433598.5919385544
1648.4117874370563,2,35,13.862817382380182,3,299538.9940130757
1982.5057547515191,2,7,5.802172966512758,2,328632.80588571087
2885.400317817755,2,19,17.533942964459698,7,472205.2228386977
1686.5164711061163,4,31,17.949681835637747,1,318115.826431085
2906.2242789984643,1,49,5.539764529153256,3,498458.7169598157
2353.8759677277376,1,13,15.27366954387219,4,343799.002021367
1718.766612052866,2,49,7.157351880688213,1,298273.1826503747
2316.2038695277606,5,27,16.447525622352735,5,396970.2641279893
2486.277224813365,1,45,19.950282198264848,3,395038.75841365935
2310.9049811085983,4,23,2.5404680959290706,2,441169.7025697913
1214.8876400547717,3,14,18.152585584236775,3,255862.1829886618
1636.4314120875656,3,21,13.207349604775844,8,289150.7029962217
1876.2406822242476,3,29,19.520887144966782,6,312442.8780775193
1962.7832854499768,5,3,10.370171315475696,7,396670.5905641201
2310.336048775339,2,12,17.25298275028473,6,387975.9805863375
2088.8505004666267,4,22,3.12309323476899,6,422434.41882421554
1332.3278206449495,5,7,8.035022901409324,3,289553.6873541205
2190.0989255029817,4,17,3.2062976795217795,8,388959.91109213827
2305.2928726419113,4,11,19.55617640262327,7,370019.010995484
2279.89522396552,2,30,16.705530330893062,7,347542.97795186326
2540.3903627773107,3,13,17.34585358242747,6,439607.88394691114
2416.961077274452,2,33,18.883374165810096,5,418549.3497212878
2229.5900396142183,5,17,3.5318627501561366,8,464362.0232695481
1964.9171442706765,5,33,8.94075666524,5,393718.16495658626
1169.5195332420044,5,10,3.278628002792038,9,292127.4455314163
2214.809109566293,2,40,5.794275827900515,9,379032.48812606925
2103.8438435815556,4,11,6.128583986678103,1,370191.09222899994
2135.7894185976866,4,48,10.443929798856416,6,406482.13984029123
1361.6257120898454,1,14,6.834119014165567,7,258929.23382993366
1459.4717297958687,5,30,3.8176059227196997,3,313434.43511075876
2526.576426666452,4,48,5.014839603693939,7,466704.2144052397
1980.2224230716724,1,28,4.6509601439376365,7,354195.1528220397
2340.7503486863125,4,25,19.51538236242137,2,427758.12477517535
2014.1591880652306,5,17,15.667265124532525,7,396689.0596570586
2014.8780697478726,3,31,19.419706374852115,1,354276.70475928363
2469.141902987999,5,21,9.915328757142355,5,467456.6853851737
1741.9776358913132,2,37,7.010632669927819,9,327556.6310923369
2048.0603884704915,4,16,16.36927754976536,7,355247.1085303506
1768.8623556474788,4,22,7.872570524740642,7,354715.50579590333
1782.7518862838422,2,23,7.388900726696269,2,294745.08011199854
1845.4139382656804,2,49,6.1851078597409614,8,355519.70606628776
2111.0668858168565,3,7,4.334221608036236,3,364101.1308611353
1760.6256891682613,4,40,6.6163350983017875,8,346577.24891453027
2627.8780627867604,4,5,8.395755472529979,3,450487.1193044309
1552.696348890248,3,4,14.131895746623147,7,295708.44050177943
1906.5641779193204,1,43,3.1261671599501284,2,339053.78784943966
1780.1344708629126,3,28,5.789124913976173,4,303546.8016382179
2723.4889421768667,5,27,16.562425525250177,6,483812.4828963992
2098.277388255787,4,10,4.6445946245078735,9,383894.00345269806
2515.9222697343175,2,0,8.167612637405387,5,448676.04960160423
1257.219813481514,5,42,17.56386059344652,9,253481.76461002225
2133.5251329346293,4,18,4.788655600581968,5,408359.8784467912
2444.8153978117184,3,8,3.489263041127418,8,420592.4044891987
2041.141994637712,5,26,10.721683911440195,1,372941.28674422915
2532.7401875326755,4,33,7.443551203013655,7,445851.15300185233
1741.3557749498138,1,43,12.141350560709373,4,314054.71472590446
2704.67372009279,1,3,16.468488028702552,5,466311.6237126232
3149.449061809625,2,35,4.4686727867493765,6,517376.5786630875
1818.5807197801705,4,17,12.452583521977129,5,359418.90381622495
1777.248739299614,1,14,11.09915768701755,1,260995.44716639293
2726.6922385588505,3,12,4.593418148237593,9,455933.2114655066
2789.7860728653563,4,18,13.231972739521684,2,462828.3963270246
1738.569986423366,3,48,6.92552752149389,9,299884.2691317026
1789.9065914520713,3,5,10.781017733792225,2,295252.18545447465
1859.1076955697463,1,47,3.4809018369871136,9,340164.32890424365
1327.7747444828615,4,11,10.272513029845214,6,264339.83165818156
1540.674026757901,5,36,7.516342424770766,9,323656.5271162458
1497.929616623966,1,16,16.802861801336377,6,264893.1726133524
1616.1012174479358,1,22,3.025617085952629,6,301676.2883087358
1982.6575563066094,4,25,9.53493094852994,2,381484.035071939
2117.10736626826,4,28,10.251765634365885,8,385671.9279466619
2775.2502464070385,3,32,15.050109373384137,3,442447.45044817263
1500.8229796306046,4,26,12.337176351623798,7,311605.377857759
2492.161199238292,3,24,14.009822069495259,5,414022.29309113073
1893.0055778872456,1,9,15.98688714173161,3,293265.13642437506
1975.2681451737835,2,46,17.519653525847396,1,327692.5572082848
2337.409746083302,5,22,7.649758941004469,8,417055.7256445561
1438.6389892188508,1,20,11.684408696550253,3,244078.42334993844
2191.204873092025,4,20,17.1219454119056,2,391317.9185712619
2083.226104106528,5,42,19.810120357371016,1,379830.5096861597
2246.2256320040747,2,12,18.011347598787737,4,352954.5482745231
2144.5843219539092,2,36,8.686410727238783,8,364560.71937963396
3227.650069955447,3,32,5.512997309935708,3,574608.1759688506
1681.130007874342,5,23,10.809065673318598,1,340479.3721891929
1734.5015224990912,3,43,15.34954613304876,4,350977.436895737
1688.429736787618,1,10,10.866243273559357,9,315134.5374458545
1722.2614404198725,5,16,10.697255539646033,1,359830.5663548876
1681.306436346741,1,3,17.088147579472412,2,250262.29928395027
2594.508265553776,3,46,8.505268023209354,9,467442.9108193161
2710.2521239949274,5,24,17.47630414660962,2,470523.07427208166
1714.6268531252617,3,29,9.322486417131024,3,307529.4190637622
1583.8222134478856,5,8,7.908195902210109,7,325117.2470234132
2235.707778193202,3,20,10.171818401594582,3,413916.7606180208
1723.8884778595143,2,19,15.724045256147631,9,307151.8129867161
2316.4659088777553,3,18,4.268036501551897,6,401364.3373017183
2101.46151042565,2,18,5.535545885696313,3,388997.3130643073
1242.127942501384,3,11,19.126006861935654,9,215315.42680981703
2773.752600665031,5,36,5.158849292864433,1,510078.8538933115
2897.9388365477607,5,41,12.219091722758982,3,504185.6406871034
1693.6056547578069,5,16,12.427660399914881,1,324808.2023791287
1806.1492200320079,4,36,10.813240316904405,2,354620.76187180256
2142.9326953624523,1,47,13.605414474382734,8,333425.20095928444
2167.2283949935127,5,38,6.136881064357132,7,451714.39860585134
2329.2721363364153,2,27,11.947920819981467,2,359073.25742460944
3005.1022693831746,5,40,8.699118594444148,2,521413.7495534908
1911.5263862529753,4,34,13.910010673325402,9,356313.1743901303
1600.851377730773,2,46,4.54202378071669,6,312729.9424268888
1310.3403859927364,4,47,12.275793503110572,5,259989.95648125524
1634.5349800290405,2,17,5.334866396899827,6,303362.7001505256
1983.4365135631015,3,13,7.015575136070655,9,371695.32846887625
2897.278931758894,1,34,5.936776405824498,7,478096.8974030315
1741.1943504819142,1,43,5.291080037638708,9,338460.6176557078
2111.893975819449,4,40,16.862797128092005,4,389845.48440136545
1991.788551963624,1,6,7.142736217896026,2,361939.29737886426
2594.196636724042,4,40,18.688228073560087,8,422429.9048940778
3263.4662129368107,4,12,19.458677456213437,4,539014.8085399807
1734.5656135398397,4,17,12.282688458867753,9,319610.1461388264
1755.280278740889,1,36,4.574020207983075,4,294031.9738813779
2522.080438534536,4,12,8.741868380832463,8,458031.6126974308
2340.9457448131557,1,35,16.359180740267853,9,367670.5850858413
2923.3536628680167,4,30,8.613033116547268,9,524385.0597941127
2291.964092662982,5,1,3.566309929450197,4,415258.1627826602
1820.3539546064703,4,15,12.022128396707384,1,373389.6486543922
2295.327415346155,2,8,17.212175326928627,3,361948.10847622476
2554.3517902914537,4,8,16.326674968583042,9,444885.46535056067
2410.241090598682,3,37,5.152216522346358,4,447068.91675287095
2253.637015553649,4,10,14.1097630594244,5,388413.21761019627
2533.337344794577,2,21,5.969076741841648,7,455111.82110416226
2584.6477952228365,2,32,5.9277356219391,5,421258.026083539
2691.0794955187635,1,35,17.733291919493333,4,457237.6944724791
2324.3549437948213,5,44,6.494041149324143,2,435948.14456989005
1916.4409598415727,4,22,6.738452237324202,2,352061.01134220994
2073.356843216661,1,44,2.011761033703392,4,360996.3689665437
2603.2544832541785,5,44,17.67204261425932,9,471322.4726474625
1591.5321645063818,4,33,16.266706637764425,8,284507.30556341965
2184.3366544364508,3,8,13.291920831632204,3,366079.5027137477
1803.3305938363196,4,23,15.504783750899161,9,325059.28962197487
2014.3724114674087,2,7,4.736874213640853,5,339142.87103743025
2639.2259313036493,2,6,10.249824702576358,3,481795.118449231
2095.5495340099515,3,35,8.321948972278056,5,366360.6403326421
2023.2182740780745,1,17,3.687977472626297,4,372739.1218900667
1320.0719295100403,5,2,10.750348733868634,8,280699.4936317242
2373.1267830136103,4,27,18.573313706167436,5,389131.7090300674
2322.7420905705376,2,5,2.7210641429125006,8,412850.091115501
3081.62736165273,1,43,7.24629644288829,9,523431.56694834784
1846.1108825234996,3,43,5.735736851702662,4,341679.9319733935
2109.5751638319693,2,20,6.2866397659825335,7,397725.2539598509
2124.691841855378,3,27,18.351821933828756,2,382430.44026628643
2788.7266398817374,4,39,10.425242976217222,6,505836.80712299276
1952.352233806524,5,0,10.393389432916738,8,362872.9207596852
2139.5107628851697,2,35,15.690361564195081,7,337949.0423487556
2303.9482548582696,2,20,4.780859672088664,7,393758.76677730726
2093.304561578179,4,42,10.770776373800913,8,386378.9503024594
1776.783192724736,1,34,9.739733854179075,7,317953.7454709994
2097.0449964491536,5,12,12.74439242983981,5,345636.5365124844
2536.815874929886,2,48,19.992038658507894,7,410376.0398902321
1486.7423502944698,5,9,15.850080093476848,3,294472.9768636804
2066.484837073438,2,43,9.16158265431369,5,356098.6751260773
1649.9395925304134,5,46,16.895954940932846,7,339524.50577801396
2597.5233144624212,3,9,5.072750539624643,9,467918.5975751313
1238.4065476081128,2,45,2.548346353561282,2,276868.1275957123
1720.5390763642058,5,12,5.680070704356915,4,342401.5096389124
2188.60593753226,1,36,8.127408010056673,7,390785.62445986416
2782.7620146171703,3,37,11.190453634272078,1,507734.72281458176
1967.124869463506,3,23,13.072324529741596,2,375157.9503454959
1722.4002366534007,1,1,18.39090290985959,9,259735.3978097163
2940.578534720295,5,21,11.177372171908239,7,513658.5143133801
1275.993049791878,4,16,11.022961603263129,7,252449.74015325954
900.5970216899591,1,35,2.904374176813678,6,199065.89560139304
2220.007225026666,5,13,2.6284079478120286,3,441471.33895866654
1748.9728878236945,1,9,11.920879314494698,3,281726.3210640501
1489.3835914346434,1,34,9.8872150384702,2,264989.8789165949
2354.1782236496765,2,24,17.105247109645376,6,348517.692685038
2121.9003568855996,5,2,4.892232524813213,4,437339.4885992513
1717.9606846316358,4,46,2.4494899181068925,5,332547.6380449977
1359.8478006645528,2,37,10.082697822742265,3,254929.05325108833
2436.2286641400724,1,16,6.274614021540635,6,406692.0772981683
2325.1005889793305,1,11,2.893058720099074,3,425899.52240696974
1950.4120681103086,1,23,15.04276916325732,8,265726.14306208404
2923.318498023833,5,28,4.008673999230455,9,530148.2198585959
1464.9576168369238,5,42,12.94975100013989,4,291727.76537530485
1237.2374145376307,2,24,7.058895503004004,9,232395.09342280292
1654.0459650593777,4,35,5.122928906390396,7,362385.5678588386
1977.206991822251,2,25,8.835527412547714,3,331163.4047711268
2121.6697246613458,3,37,16.426023972013166,7,380834.33429988875
1879.381971071835,1,0,9.057684384282307,1,330916.98266633233
2176.0276982571486,1,19,15.513853685799003,3,380606.8324176846
1374.230287904778,1,27,4.258753342384712,6,244273.2548053972
2721.88230203663,2,15,15.909885553971424,4,431803.1962150765
1958.9244108037155,2,46,6.264799848319676,7,373230.46007346595
2558.647915794064,1,16,14.19307633799971,3,423917.4608597124
2171.362673188852,2,39,12.184067987137935,1,340437.5180705168
2228.376609576892,5,27,18.724604909810374,9,386021.18132764765
2284.883640116102,5,11,8.971805323555653,6,432516.5884472652
2223.8542800086575,2,26,3.190973399019928,8,413951.47963419056
2321.361379933772,1,41,2.3447987399225525,3,389929.99644636153
2664.5762650662155,2,46,16.883454097509556,8,377634.4117685744
2098.260584850735,2,29,11.445241477905778,2,372313.06848653936
2354.5018787942563,2,40,15.954392933029087,4,366860.0821542007
1955.1321528563867,3,33,6.219660800207264,3,320483.72536559525
2720.0586077247362,5,36,8.211507419238206,1,434939.25782055117
1661.8038489703652,4,5,2.541869699803741,7,350466.45514990215
2900.470216455408,4,6,19.30686184233402,2,489029.1577917426
1979.9210246778282,3,31,14.021622320614641,4,344431.7814461999
1284.6124489409758,2,31,18.79769157966751,9,252876.97144106656
2064.0522074553946,3,24,6.778935333723302,6,388796.45411132404
1659.4741712625596,3,32,13.006345002061895,8,335234.4365396985
2420.321774494362,1,6,14.21299942926748,2,366767.5578722795
1673.6880103488045,5,11,7.715894604636592,7,334930.39986396825
1776.9082833926102,4,15,17.265966230281343,6,289670.0425493685
1055.2296345272343,2,15,19.04890633220446,9,185598.9858775669
1773.8468403754616,4,42,17.927392118528076,7,315249.9247439295
788.0603366855216,4,35,15.303205566908705,1,190134.91211427227
1208.0485882571384,5,12,6.994364235049172,8,268129.83739131043
2380.207328072149,4,6,7.069088757901371,3,445361.0644606179
2392.9000793254163,4,35,19.34048576802868,2,424322.84302553296
2212.7287808924825,3,46,2.1851209268424565,3,450637.6488278503
1516.5119284353934,5,8,14.8888995183586,6,291393.0571228693
1976.1443219290102,1,31,14.712430925994719,3,308176.3324240345
1998.1987304547158,2,10,13.208411737096354,5,348234.65840034286
1420.8176554037286,4,7,19.821959229563586,6,247433.12930864128
2751.6991508835754,2,32,7.613829843747054,8,497166.4283137729
2438.6811452878355,1,22,8.119493548278466,7,403898.8239177138
1889.517913085168,2,24,3.420909253038,8,335274.3410992194
2013.4429194972654,1,7,9.970366457787275,3,332649.39058599283
2104.1914039737762,3,44,6.698873472227266,4,396599.31212104467
979.1325657878547,4,21,8.180960639197597,6,217353.0239251533
1876.4113087397016,1,3,17.022292224601298,7,294583.77545914496
1659.0078760011006,2,39,18.838721243494923,9,314480.77726564585
1499.1899950525421,4,2,5.3431952960933415,1,287068.7118524596
1859.4498535570226,3,28,8.705160767962386,8,342218.4779782885
2898.843263424761,4,40,18.715350118077094,8,500441.91230976454
2320.4214306335048,1,28,3.1125522924060074,6,369211.40780187224
1714.4105051086017,3,33,3.662489506004813,4,339441.80678239913
2286.291390678079,2,33,4.930237805712128,3,381981.0794806786
