Transaction_ID,Date_Sold,Price,Area_SqFt,Lot_Frontage,Bedrooms,Location,Condition,Neighborhood,Year_Built
TXN-0,23-07-2022,208638.23048684612,2059.7421746344007,56.496434500512365,,Suburban,Excellent,A,1988
TXN-1,31-01-2023,151883.31634643575,1869.8534731651075,67.10962658568964,4,urban,Average,D,1976
TXN-2,28-01-2023,224997.43228400403,1523.8521479680696,54.15160158000077,2,Urban,Poor,A,2023
TXN-3,12-02-2022,348542.3170979205,1241.2252889177705,63.84076940721919,,Urban,Excellent,C,2012
TXN-4,04-07-2023,144773.14986612904,1779.289325445436,32.12770666092429,1,Urban,Average,A,2017
TXN-5,19-03-2022,144774.3383,1657.3941541686997,74.26587414745877,2,Urban,Excellent,A,1968
TXN-6,15-09-2023,358472.20611784136,1858.0772880110928,70.02410950724449,5,Suburban,Poor,B,1977
TXN-7,24-09-2023,238880.17959087272,1754.0687206727878,53.658227378636184,2,Rural,Poor,A,1982
TXN-8,17-05-2023,128703.01334607329,1919.8210861277341,,4,Rural,Average,E,1959
TXN-9,19-10-2022,213476.07015652393,1285.9059153757728,,1,urban,Excellent,D,1979
TXN-10,16-08-2022,129093.3614302812,2026.9576262537303,,4,Rural,Average,B,1971
TXN-11,02-11-2023,128944.21181011014,1579.0398418769598,,1,Rural,Average,D,1952
TXN-12,05-10-2023,183685.64708405218,2330.104349050106,,,Rural,Excellent,D,1997
TXN-13,12-05-2023,62527.383618811975,1224.3248727641728,,5,Rural,Average,C,1951
TXN-14,04-12-2022,68702.51484614842,2194.3855212660997,,1,urban,Poor,C,2003
TXN-15,10-04-2022,122866.81408583872,1579.1643133850591,,1,Suburban,Excellent,B,1955
TXN-16,18-01-2023,98084.48124641272,1239.4327985542207,,1,Urban,Excellent,C,1989
TXN-17,29-05-2022,190445.9423899693,1306.4456663782714,,2,Rural,Excellent,C,1951
TXN-18,08-11-2023,103361.51353460719,1371.861076722272,,,Suburban,Excellent,C,2022
TXN-19,03-02-2022,80325.96112235193,1669.6663785607666,,2,Rural,Average,D,1951
TXN-20,21-11-2023,338684.5372262934,1709.1341952141997,,5,Rural,Average,B,2023
TXN-21,01-11-2022,145380.8092917307,1270.5199984245685,,1,Urban,Poor,D,2004
TXN-22,15-04-2023,168343.88526106198,1490.258163095607,,,Urban,Good,E,2021
TXN-23,11-01-2023,79827.70526003327,2356.9081434447453,,,Urban,Good,D,2009
TXN-24,11-09-2022,123971.70557924228,2191.0172680402848,,3,Rural,Poor,E,1955
TXN-25,27-05-2022,172036.38856687283,1674.5294678696127,,5,Rural,Good,A,1968
TXN-26,10-06-2022,91537.42749496213,1515.201391,,,Rural,Poor,A,1976
TXN-27,07-08-2023,196388.2820002786,1548.0125306873044,,1,Urban,Average,E,1950
TXN-28,20-07-2022,120533.21716439296,1745.4071890921666,,1,urban,Excellent,E,1982
TXN-29,24-05-2022,140667.34478760202,1090.8829739206378,,,Suburban,Excellent,D,1989
TXN-30,02-12-2023,120468.87428833144,1397.049385030662,,2,urban,Average,E,1981
TXN-31,01-12-2023,410913.9451,832.5663704489642,,5,Rural,Excellent,B,2018
TXN-32,12-02-2023,161660.12033056625,1659.6892490421117,,1,Rural,Excellent,A,1966
TXN-33,19-09-2022,95907.98637151149,1758.8783758810964,,,urban,Good,A,1957
TXN-34,05-05-2023,245554.07237842065,1306.7254150802505,,1,Rural,Average,E,2006
TXN-35,23-02-2022,88395.66199920737,2129.594705316013,,,Suburban,Good,C,1991
TXN-36,01-05-2023,180670.78695224866,1009.6937347990636,,5,Rural,Good,C,1958
TXN-37,06-09-2022,61093.755465339345,914.2500479160719,,,Suburban,Excellent,E,1984
TXN-38,30-09-2023,83776.42946043565,1589.7807274239888,,3,urban,Excellent,B,2020
TXN-39,02-05-2023,179589.79597182813,1918.839321044862,,,urban,Average,C,2002
TXN-40,05-03-2023,235445.1578618489,2173.5710765831473,,,Rural,Excellent,E,2003
TXN-41,04-03-2022,177315.1861,1316.446294852424,,5,Suburban,Excellent,B,1974
TXN-42,01-03-2022,153610.5617624269,1931.4723333725183,,,Rural,Average,B,2016
TXN-43,25-10-2022,140007.06326411938,1484.5966121997171,,5,Urban,Excellent,D,2011
TXN-44,23-11-2022,77709.98264,1430.9490800236722,,3,Urban,Good,B,2004
TXN-45,03-04-2022,113559.01035341156,1853.463974994669,,5,Urban,Average,C,1995
TXN-46,04-09-2022,129272.85628350305,1760.929151365368,,1,Urban,Excellent,C,1973
TXN-47,13-09-2022,276111.7939161815,869.4431372063002,,5,Rural,Poor,E,1995
TXN-48,08-04-2022,193263.36917557745,2090.616139890358,,3,Urban,Average,E,1971
TXN-49,13-02-2023,67405.36696685966,2052.0365416589807,,4,Suburban,Average,B,1960
TXN-50,02-03-2022,191384.9233835175,1249.7749193961881,,,urban,Poor,A,1997
TXN-51,04-02-2022,134249.97951623466,1658.3214133749636,52.65739568578199,,urban,Excellent,D,1957
TXN-52,09-04-2023,116022.45162444694,1697.6120745130956,56.837670218494864,,Urban,Excellent,A,1988
TXN-53,25-02-2023,220982.35693072644,1604.2695063295628,63.92547942446671,,Urban,Average,B,1984
TXN-54,10-07-2023,272528.85060144507,1279.877938461832,43.082581530535705,,Urban,Average,B,1998
TXN-55,05-09-2022,259273.83484673817,1231.3506528247794,53.61484280557005,,Rural,Excellent,A,1995
TXN-56,23-03-2023,106979.3643591903,1489.7783716034219,60.475582529106816,,urban,Excellent,D,1987
TXN-57,18-03-2022,139440.5761506059,1969.091607703746,87.48778361425455,,Urban,Good,A,1957
TXN-58,29-01-2022,192073.17836279733,1717.4400618377729,75.25122658,,Suburban,Average,E,2003
TXN-59,19-01-2022,265076.1874769452,1351.7542671655576,73.87179823,,Urban,Average,C,1986
TXN-60,23-09-2023,128080.32447914875,1808.6794842593379,87.01795924335944,,urban,Poor,E,1989
TXN-61,26-10-2022,148326.39730836227,360.5829517479699,67.25256423201206,,Urban,Good,C,1983
TXN-62,03-04-2022,93604.38531245622,1959.5062801488414,77.80929699857779,,urban,Excellent,B,1966
TXN-63,17-03-2023,89491.29956377526,804.1144884887601,67.93556494135008,,Urban,Good,D,1982
TXN-64,08-03-2022,244327.03425599082,1355.023623438747,75.30724698799257,,Suburban,Excellent,A,1996
TXN-65,18-01-2023,320654.6653979394,1052.1320421495425,58.34482684776836,,Urban,Excellent,D,2001
TXN-66,01-09-2022,156999.03521902824,982.1274097116377,21.22365683447142,,Suburban,Good,A,1958
TXN-67,22-09-2023,268811.7095364796,1964.3307149514078,67.31441675627391,,Suburban,Average,E,1982
TXN-68,28-07-2022,195012.31950983524,1312.9195194752435,98.45496272199881,,Urban,Excellent,E,2009
TXN-69,05-03-2023,117882.0848259397,1638.6015526922863,88.52430804483186,,Suburban,Good,A,1970
TXN-70,26-04-2022,194988.87853278124,1481.2317684483264,89.30794969182341,,Rural,Poor,D,2007
TXN-71,11-01-2023,351167.3899565151,1690.8163308892485,94.72261443612436,,Urban,Good,A,2018
TXN-72,05-08-2022,159865.31851317608,1530.7287564241021,71.77315181922874,,Urban,Poor,B,1959
TXN-73,24-01-2023,355870.3748389326,986.8031103245721,73.94631414811191,,Suburban,Excellent,E,1955
TXN-74,19-11-2023,43920.10416833727,1898.506727778856,57.64696209,,Suburban,Good,B,1962
TXN-75,17-09-2022,245475.21212734262,1302.497366735475,63.67854288,,Urban,Good,E,2014
TXN-76,15-10-2023,169994.8691521665,877.3672405360995,82.31542299542284,,Rural,Poor,E,1969
TXN-77,09-11-2023,140153.89176363792,1328.753935613635,94.07768874337633,,Suburban,Good,C,2006
TXN-78,29-04-2022,170395.99477639567,2100.3039162537243,67.21107448638001,,Suburban,Good,B,1995
TXN-79,28-01-2023,60247.450957559464,1840.0886968453972,60.99621470297177,,urban,Excellent,B,1957
TXN-80,23-05-2022,145825.21938795774,1360.5391462368564,70.01055917713195,,Rural,Good,C,1959
TXN-81,28-11-2023,194571.75333468293,1360.2969182726285,82.02413498,,Rural,Average,D,2022
TXN-82,04-04-2023,340764.54107093357,1371.345979513047,41.12290367732916,,Urban,Poor,B,2016
TXN-83,27-05-2022,125600.92414897554,2330.6991934243365,24.076380937255237,,Rural,Good,A,1960
TXN-84,15-01-2023,108635.46500051812,1652.7741808926214,58.98926301016833,,Urban,Poor,C,1961
TXN-85,02-02-2022,126642.25214182101,1672.0166588764278,45.58575148171683,,urban,Poor,B,1959
TXN-86,12-06-2023,257223.60882987906,1912.113381612737,59.83719604705378,,Rural,Poor,D,1974
TXN-87,25-10-2022,191832.0550281446,1595.5156636106053,67.04439362365056,,Suburban,Good,B,1998
TXN-88,10-08-2022,124881.4165127782,1396.3831416717187,60.93503181953973,,urban,Good,E,1998
TXN-89,08-03-2022,210372.21992611798,1421.4600603660087,99.04935068941491,,Urban,Poor,A,1960
TXN-90,09-04-2023,170849.57580228653,1471.3594962343743,76.53489529,,urban,Average,C,2011
TXN-91,28-08-2022,264163.2323112509,1485.1111053960633,76.00948719221657,,Urban,Poor,E,1985
TXN-92,06-09-2022,114573.68740011293,1791.051817454792,82.44414288086804,,urban,Average,D,1988
TXN-93,27-12-2022,138160.16770983944,1520.7783543229198,47.223337644384614,,Urban,Poor,E,2002
TXN-94,22-01-2022,133779.1952838168,1793.0560308862316,90.78223574840537,,Rural,Excellent,E,2005
TXN-95,05-02-2022,78295.27426429492,1467.713367956567,68.48471427,,Suburban,Poor,D,1950
TXN-96,22-01-2022,188727.62905654134,1531.4540761264363,83.40961234482425,,Urban,Poor,E,2005
TXN-97,02-10-2022,185447.59902632836,700.7197262,48.56285533919689,,urban,Good,C,1953
TXN-98,10-06-2022,163171.44360990284,1866.5310698809926,38.924824679678714,,Urban,Average,B,1979
TXN-99,04-01-2023,144741.75496755203,1638.5953903591972,86.35779316050058,,Urban,Excellent,E,1961
TXN-100,15-08-2023,5000000,8000,77.52819052195034,,Urban,Average,C,1984
TXN-101,18-11-2022,131883.90916994278,341.4978487225244,51.95896891284979,4,urban,Excellent,B,2001
TXN-102,21-10-2022,137124.25186985527,2335.349881912291,52.60673837450611,,Suburban,Poor,B,1980
TXN-103,12-04-2022,108973.64744148981,1444.1641487379304,92.50869568829539,4,Rural,Good,E,2017
TXN-104,27-10-2022,150145.05575534664,1943.2731266950066,46.21176214265344,5,Suburban,Good,C,2001
TXN-105,18-08-2023,199192.19236452118,1084.0376291497878,102.85345906511927,2,Urban,Average,E,1956
TXN-106,28-08-2023,417939.9122623568,1745.1095620250278,51.98758530704262,4,urban,Good,D,1971
TXN-107,15-02-2022,177599.9639251302,1078.6337747305374,82.76783851216766,5,Suburban,Average,B,2005
TXN-108,20-10-2023,185122.89769379812,1250.4924157216778,63.42763048502031,2,Urban,Average,E,2007
TXN-109,09-03-2022,156807.94293943048,2265.6125415467145,82.06374862164687,3,Rural,Excellent,B,2013
TXN-110,02-06-2022,62355.95104544025,1423.7270396946615,59.11771995771615,,Rural,Average,C,1961
TXN-111,18-12-2022,160611.4000785573,1586.9731492718893,66.74414187855412,3,Rural,Excellent,A,1956
TXN-112,16-04-2023,167730.71826864945,1848.0270922755017,70.81838350791442,1,Urban,Good,E,2004
TXN-113,23-11-2023,557724.8705530423,1698.2727551890418,49.95625088437055,5,urban,Average,E,2011
TXN-114,07-02-2023,147830.18829330528,1560.1675620574306,84.81648690840251,2,Suburban,Average,B,2022
TXN-115,28-07-2023,189240.44309116545,1645.984401,59.73572867056829,4,Rural,Poor,C,2004
TXN-116,27-03-2022,159954.40984545473,2461.366234,65.42800169319963,3,Urban,Average,D,1985
TXN-117,01-01-2023,90731.60040299446,1476.9524811865658,50.11301250782975,2,Urban,Average,C,1973
TXN-118,12-11-2023,288200.4163657089,1580.439618685987,18.75332682409379,5,Suburban,Poor,E,1993
TXN-119,25-02-2022,237035.8125110898,1920.2617584030447,66.17944474799663,1,Rural,Poor,D,1966
TXN-120,19-01-2023,241715.32591667725,1942.2103731831935,118.25230843225832,3,Urban,Good,C,1951
TXN-121,17-01-2023,103291.07707262116,1974.812122224152,85.69208575796048,,Suburban,Average,A,1962
TXN-122,22-07-2023,328206.13668515143,1755.492088811674,69.61479241,2,urban,Good,B,1980
TXN-123,24-09-2023,80746.86918285086,1042.7980349078066,64.74218341583465,,urban,Good,C,1977
TXN-124,29-09-2023,218257.0000877829,2153.3726129204383,70.44931785624092,2,urban,Poor,C,2009
TXN-125,25-02-2022,486614.6486193177,1041.4618427925247,80.9423823,2,Rural,Excellent,A,1976
TXN-126,22-03-2023,99183.98487374248,1621.0541860956132,46.38374369382311,5,Suburban,Good,E,1964
TXN-127,20-06-2023,122620.70063820448,1198.289659992257,92.28643389337745,5,Suburban,Excellent,B,1982
TXN-128,27-01-2022,171069.58500135984,1474.344661362803,84.30762630882488,5,Urban,Average,C,1969
TXN-129,23-07-2023,126533.4745309593,1631.5049641213923,84.36371451415869,4,Urban,Poor,D,1991
TXN-130,31-05-2023,74956.8793,1628.5428861801092,78.76951477619454,2,Urban,Average,C,1961
TXN-131,31-08-2022,168431.00640772513,1668.768301694114,70.39233315,3,Suburban,Average,B,2022
TXN-132,05-06-2023,95687.99668992693,2145.4845076234587,83.45722472,,Urban,Poor,C,1972
TXN-133,11-09-2023,206240.08190711384,1681.4137206055918,81.83628267482756,5,Suburban,Average,A,2021
TXN-134,13-02-2023,102774.02067371769,1402.3373458837405,62.91918578117952,5,Suburban,Poor,C,1963
TXN-135,18-10-2023,353262.68259573844,1885.634867315343,58.52796454206198,,urban,Excellent,C,1974
TXN-136,18-08-2022,110015.14903936212,1975.7881955698563,72.03712590523973,,Urban,Average,D,1980
TXN-137,09-03-2022,138547.60194276986,1008.956873945203,100.98040302990375,2,urban,Poor,A,2003
TXN-138,26-02-2022,244448.17657554825,1738.9600279399433,45.21785848692198,5,Rural,Good,A,1954
TXN-139,03-05-2023,87953.87794323491,1780.4690969243593,40.64949468,,Rural,Average,C,1962
TXN-140,11-03-2022,182358.52890319773,1380.9745986560033,73.29521682473033,4,Rural,Excellent,D,1977
TXN-141,14-10-2023,312878.8635317376,2050.282725324648,71.01775403712035,4,Suburban,Poor,C,1992
TXN-142,30-10-2023,72857.32697278078,1439.9777651869892,73.46683328740816,5,Suburban,Average,C,1996
TXN-143,18-06-2023,178495.1893228078,1550.2305813886169,74.87906395817001,,Suburban,Average,B,2020
TXN-144,22-09-2023,185338.91427840735,1430.7712702864521,65.53595491,2,Urban,Average,B,1987
TXN-145,08-05-2022,240604.8971,1506.231619032587,99.79726877204165,2,urban,Excellent,D,2016
TXN-146,09-01-2023,87686.62380598675,1061.4899652419192,37.981920430469685,2,Suburban,Poor,E,2011
TXN-147,04-01-2022,84100.82817856056,923.9796469622822,53.430059504395075,1,urban,Good,B,1988
TXN-148,23-10-2023,211286.59961080507,2137.8020252899887,67.93490479701906,5,urban,Good,E,1986
TXN-149,27-11-2022,188809.2144055207,1161.215460672669,37.13622377691665,2,urban,Good,A,1957
TXN-150,24-04-2022,184470.79277210092,1103.443060217477,66.48291191135857,4,Urban,Poor,B,2001
TXN-151,07-04-2023,193537.02266422668,638.6439545585141,103.22940331456036,,Urban,Good,B,1982
TXN-152,25-03-2022,115842.59850467011,1244.415300924199,70.41772976591923,3,Rural,Excellent,D,1991
TXN-153,04-03-2023,182796.14489436705,970.7640826370007,74.61401811437366,3,Rural,Poor,E,1976
TXN-154,28-04-2022,188440.24569489612,2156.8060640545477,44.796704696548396,2,urban,Average,B,1957
TXN-155,09-11-2022,113871.31693490845,1903.9268357370536,57.672771839210455,3,Rural,Excellent,B,1972
TXN-156,09-09-2022,413696.23663905106,1224.7398619289106,62.49607239352126,3,urban,Average,D,2013
TXN-157,11-11-2022,206264.88276534787,2400.9743221377234,63.64569806487532,1,Urban,Good,D,1969
TXN-158,12-04-2022,89710.96231045722,1892.7061947966376,95.63287590007538,4,Urban,Excellent,E,1965
TXN-159,02-09-2023,225996.95491063775,1370.067446596551,81.15382121450249,4,Urban,Poor,A,1966
TXN-160,06-01-2022,99973.37353708303,500.23771405057073,47.77084086125936,1,Suburban,Excellent,A,1968
TXN-161,07-01-2022,241238.72970739717,2416.377029036297,74.93009557,1,urban,Average,C,1957
TXN-162,07-04-2023,290482.26093532884,944.1710132945616,79.96443497,3,Urban,Poor,B,1987
TXN-163,08-01-2022,107975.41494820865,841.8405012172433,92.80298077042534,5,urban,Excellent,E,1987
TXN-164,28-01-2022,263468.2285,1909.028172803856,101.61081373136747,,Rural,Excellent,B,2002
TXN-165,22-09-2022,200063.57368950947,2475.9009625357094,49.69811616344263,,Rural,Excellent,E,1980
TXN-166,13-01-2023,245494.5631633236,2053.7091274042073,53.78284977579324,3,Urban,Excellent,E,1993
TXN-167,16-03-2022,420162.36182280554,1725.563648020944,44.84844282170768,,urban,Poor,E,2009
TXN-168,22-07-2023,143962.18530139996,1737.9017366661144,65.31960281786037,1,Urban,Average,B,1966
TXN-169,26-03-2023,111650.85530401296,1841.366223512123,79.32716748892669,4,Rural,Excellent,D,2022
TXN-170,05-07-2022,104322.54627642604,1803.571435914706,89.74669033178203,,Urban,Poor,B,1988
TXN-171,18-02-2023,108238.76549440349,1612.4765695877504,68.48097952714954,3,urban,Average,E,1991
TXN-172,23-04-2023,156599.85635935914,1541.6804415807505,63.60304953490312,5,Rural,Excellent,C,1997
TXN-173,20-10-2023,193025.19191159308,1474.9627488401911,73.03515984497481,3,Suburban,Average,A,1961
TXN-174,01-01-2023,186903.06634792488,1198.4141644533295,53.29714196739954,2,Rural,Average,E,1967
TXN-175,15-11-2023,246124.21451216564,1387.7299692532904,111.79077443389546,3,Suburban,Poor,C,1955
TXN-176,21-12-2022,163816.29817988395,822.8172743218458,37.846779457638824,1,Urban,Average,D,1992
TXN-177,27-02-2022,336639.2087243116,1460.664149,73.69481157791449,4,Urban,Poor,E,1984
TXN-178,24-07-2022,142581.86192294364,1104.563557139633,110.47212438459279,4,urban,Excellent,C,2003
TXN-179,04-07-2023,634177.7667383108,1058.5642731136916,70.13599689119995,,Suburban,Average,E,2011
TXN-180,04-07-2023,222533.66530453402,1571.9576604613915,66.19921929997011,1,Urban,Average,B,2018
TXN-181,24-07-2022,106024.04868955519,2056.8009145378396,62.851091543791455,2,Suburban,Good,C,1965
TXN-182,04-03-2023,95277.95597439352,1867.3266424009253,66.39216636475184,1,Urban,Excellent,B,1957
TXN-183,21-01-2023,207157.82215572067,871.7997585507292,97.45696949353061,3,Rural,Excellent,B,1980
TXN-184,06-09-2023,145549.07694859605,1104.148745371865,25.762761773409864,1,Urban,Good,C,1959
TXN-185,10-07-2022,232582.4923869204,1876.3084751952863,100.6686740259265,1,urban,Good,A,2005
TXN-186,26-10-2023,206203.49753669233,1107.0050425846762,41.52085695,2,Rural,Poor,C,2019
TXN-187,06-11-2023,156934.77366959024,1410.1467400011902,64.66695341531171,3,urban,Poor,A,1969
TXN-188,17-11-2022,106574.88269641365,1720.0208396098208,61.41511159402676,5,Rural,Average,E,1954
TXN-189,15-02-2023,76311.30624,1112.662218054546,81.7710654,5,Suburban,Average,E,1972
TXN-190,25-09-2023,130189.0005449768,1542.150202458384,38.03751296232505,4,urban,Average,C,1958
TXN-191,19-04-2023,249745.92927074642,966.3898020327182,79.24345332163885,,Urban,Average,E,2007
TXN-192,08-02-2023,181143.87283926515,1259.4529424195146,110.48619246573705,1,Suburban,Poor,D,2008
TXN-193,22-06-2023,87302.17107465997,1627.912773657015,42.73651990814379,4,Urban,Excellent,B,2003
TXN-194,04-02-2022,177475.96369506166,862.8025065873322,73.79412335220792,2,Rural,Average,B,1995
TXN-195,10-12-2022,197335.1221022739,1676.1898951841595,56.76035644406782,5,Rural,Excellent,A,1971
TXN-196,11-02-2023,104618.03996002763,1492.1448804293275,78.51774412386072,1,Urban,Average,E,2013
TXN-197,27-07-2023,175757.86381087435,1720.9959817668591,70.38295554831504,2,Urban,Good,A,1957
TXN-198,24-02-2022,167561.27080700855,1589.5656536258646,57.170261819113804,,Suburban,Average,B,1969
TXN-199,01-10-2023,91905.38023537499,2045.6561719895376,79.75744569742147,2,Urban,Average,B,2000
TXN-200,02-06-2022,194637.41183399357,1550.089801059163,106.08696219573486,1,urban,Average,E,1988
TXN-201,22-05-2023,215430.20539356844,1328.2377835498987,66.18192416545402,,urban,Poor,D,1986
TXN-202,01-09-2023,279714.7524376412,1548.9190012129136,84.39515884296364,2,Urban,Good,D,1999
TXN-203,08-12-2022,275653.80454745097,1717.3192116145551,44.134540842576726,,urban,Average,E,1983
TXN-204,14-09-2022,81729.09325246685,1519.5440281302817,50.871272463639826,1,Urban,Average,E,1982
TXN-205,08-09-2022,101832.7947501478,1516.2366764815529,79.44812555760754,1,Suburban,Excellent,A,1980
TXN-206,05-04-2022,210558.25372477362,1219.2033248772977,99.68232057,,urban,Good,E,2003
TXN-207,26-09-2023,210426.7678670399,1234.8396329796208,77.11226698,3,urban,Average,D,1993
TXN-208,27-08-2023,210559.56120056243,938.9578912801226,63.73883938953691,4,Urban,Excellent,E,1983
TXN-209,01-08-2023,1117233.1056672346,2199.830697274776,69.98582810846708,2,urban,Excellent,A,2020
TXN-210,05-04-2022,216521.5274317988,1002.454705843486,44.99184532060565,2,Rural,Poor,A,2011
TXN-211,09-10-2023,287156.55105678143,1222.837920881637,82.09030652710733,3,Suburban,Excellent,A,1972
TXN-212,28-11-2023,262236.1943401425,1212.637093772321,87.64666124646818,3,Suburban,Average,A,1995
TXN-213,09-05-2023,225414.36859562923,1857.9697507777764,60.958193343338394,3,urban,Poor,C,2005
TXN-214,07-08-2023,139018.92830247513,1382.020128683189,60.59915704480997,5,urban,Poor,E,1956
TXN-215,02-06-2022,237871.1953739878,1999.0968290694937,75.31756459304097,5,Rural,Average,B,2010
TXN-216,07-10-2022,110590.2703554798,1230.6037503024527,61.265605279188094,,Rural,Good,E,1952
TXN-217,01-10-2022,144580.35134077267,1611.5976648895207,68.67734770748355,5,urban,Excellent,C,1987
TXN-218,09-04-2023,127684.57273702564,1165.861178696097,111.99443578333032,1,urban,Poor,A,1983
TXN-219,17-05-2022,169555.75159628392,2358.0596511093554,65.05948598508007,,Rural,Good,C,1993
TXN-220,27-09-2023,517792.2004565938,1024.9606323881949,62.83319695957556,2,Urban,Average,D,1979
TXN-221,25-11-2023,63982.66099637076,1623.928284090811,57.049163887296814,4,Rural,Excellent,D,1966
TXN-222,31-10-2022,229378.8070593666,1753.5107523728393,84.88383942999873,1,Urban,Excellent,E,2008
TXN-223,02-07-2022,72666.95815520089,1665.5196389805992,66.37551653563794,2,Suburban,Poor,E,1959
TXN-224,27-01-2022,128544.9679330582,1425.8849364489167,57.01253923357148,2,Suburban,Excellent,B,1967
TXN-225,05-03-2023,280541.0386199216,1448.0717201066295,96.42608064546025,,Rural,Excellent,B,1994
TXN-226,26-10-2022,168070.70106800762,1517.5245887916437,98.39206009027274,3,Urban,Excellent,D,2008
TXN-227,17-03-2023,94952.07893353593,1441.1991993486045,57.99152869,3,Rural,Excellent,A,2011
TXN-228,03-01-2023,113817.11051257003,1885.5516467179639,32.66920097278768,1,Rural,Average,C,2008
TXN-229,09-04-2022,228615.96692444992,2384.2092006365406,90.15027379673845,3,Urban,Good,B,1998
TXN-230,01-05-2022,112963.12128768906,1277.0032859968665,56.30740348479992,2,Rural,Average,B,2012
TXN-231,03-04-2023,181358.18815184347,952.0788081683688,85.81251198325538,3,Suburban,Average,A,1981
TXN-232,10-12-2022,166505.8828068775,1464.6871806594982,30.597923645763288,5,urban,Poor,A,1959
TXN-233,13-06-2022,117500.73010388027,2531.8837350617277,87.85194676598618,3,urban,Excellent,E,1960
TXN-234,12-02-2022,475428.6250544168,1178.5301728121076,45.776561414384375,2,Rural,Average,C,2019
TXN-235,15-08-2023,223453.6996470079,2155.646722177627,84.61528238133049,,Urban,Excellent,A,2011
TXN-236,18-05-2022,59126.157730685016,2171.080325630576,70.28546135672869,1,Urban,Average,B,1996
TXN-237,08-01-2023,178657.73462858872,1278.5647033168023,50.921211612067104,4,Suburban,Average,B,1983
TXN-238,10-01-2023,116903.81335839095,1727.593232,61.85927374146439,3,Urban,Poor,D,1966
TXN-239,08-06-2022,249251.24116191652,2151.358649251415,83.72636913913402,2,Urban,Good,A,2003
TXN-240,19-04-2022,109506.54857448163,1348.3489036050053,72.11788906230468,4,Suburban,Good,E,1989
TXN-241,10-03-2023,153680.61192794784,1418.5678559590554,81.68825960944969,4,Rural,Average,C,1968
TXN-242,20-11-2022,209503.0631524593,1267.3276344205424,109.52881169030971,5,urban,Poor,E,2016
TXN-243,19-03-2022,250917.02783868238,1094.0973077228532,38.71516776577897,4,Suburban,Excellent,B,2002
TXN-244,10-08-2022,89308.48654718185,1240.2889819735972,102.34425149937248,,Rural,Excellent,E,2013
TXN-245,24-02-2023,137688.52970461422,1010.4238932950974,72.08711875046426,2,Suburban,Average,B,1996
TXN-246,02-02-2023,128351.43215272237,1513.6333873036904,52.02431903353744,2,Rural,Good,B,1955
TXN-247,19-04-2022,117399.20137008156,1192.0107075765432,43.393727485220204,3,Suburban,Poor,B,1965
TXN-248,10-04-2022,393457.0216411603,1593.514364716299,66.21759218445933,3,Rural,Good,B,2021
TXN-249,03-06-2023,199284.92338170848,877.6417415185491,88.43300224,3,Suburban,Excellent,B,1967
TXN-250,05-05-2023,86643.56454321908,1632.352092885783,67.44901759244931,,Rural,Good,D,2001
TXN-251,14-09-2022,257540.16655107203,1833.4115846435698,100.22309860494695,4,Suburban,Excellent,E,1997
TXN-252,28-06-2023,470277.44051965204,702.5057429714178,40.97648619896882,4,urban,Poor,D,1992
TXN-253,03-01-2023,272728.6517602754,1649.622627939029,69.75822104,5,urban,Poor,D,1988
TXN-254,02-12-2023,76138.93306424197,1991.0675969893168,44.952131111737614,,Urban,Average,A,1998
TXN-255,21-09-2023,127756.70136600324,1016.1435925235178,77.27263765249936,3,Rural,Average,A,1961
TXN-256,05-02-2023,306647.9342712479,2169.0289547350812,87.7377478,1,Suburban,Good,A,1959
TXN-257,25-02-2022,114252.39452619522,1667.6076037464181,61.584764126378936,5,Rural,Poor,C,2020
TXN-258,29-05-2022,203192.62791309998,1217.9952576966366,17.91572286745732,1,urban,Poor,A,2004
TXN-259,01-12-2022,239741.61704062426,1477.6923689369175,73.97896293592989,4,Rural,Average,E,1950
TXN-260,19-02-2023,102389.02050529938,1723.330765008689,78.73477103467019,5,Suburban,Excellent,D,1998
TXN-261,26-04-2023,157982.1485822145,1530.4021565649646,78.08589509923395,5,Rural,Good,E,1985
TXN-262,08-12-2022,32188.558102895964,1715.5023969785477,94.71564383644308,2,Suburban,Good,A,1970
TXN-263,10-07-2023,97519.35785024373,1131.7305627682535,48.578926407019026,4,urban,Average,C,1986
TXN-264,18-02-2022,143446.28510823398,1567.744329614431,83.60432210900899,4,urban,Poor,C,1973
TXN-265,22-10-2022,87212.97624871126,934.5142012380079,93.85015025,,urban,Average,D,2004
TXN-266,12-11-2022,368135.24085640605,1455.509575,34.42824831986967,5,Urban,Average,E,1974
TXN-267,18-05-2023,79612.73217746172,1138.436943414084,76.39303651837955,4,urban,Average,B,1956
TXN-268,19-08-2023,130610.87431670752,1205.7880229640934,59.91640337984657,5,Rural,Average,E,2020
TXN-269,01-03-2023,173749.5700068132,1994.437270084175,68.36954653796708,,Urban,Excellent,A,2020
TXN-270,24-04-2023,334581.7905591072,1936.5240482377076,76.95352967076673,,urban,Excellent,B,1973
TXN-271,10-08-2022,79385.33436227996,1743.6552483628707,60.255428717728954,2,Rural,Poor,C,1960
TXN-272,02-05-2022,291146.50587514264,1063.0748941309685,56.48583841676776,5,Rural,Average,D,2022
TXN-273,17-09-2022,163589.66528237314,1373.4366201220791,70.68304835,4,Rural,Excellent,D,1961
TXN-274,12-02-2023,99632.69716378847,1985.2390799916734,48.25508122274395,4,Suburban,Poor,C,1984
TXN-275,17-09-2022,205058.73661027465,1556.686765455962,48.28349742229629,5,Urban,Average,A,2012
TXN-276,14-02-2022,179787.3149762107,2427.7318159926776,83.58746565913006,5,Rural,Good,C,2017
TXN-277,21-02-2022,120558.64106983335,1657.3271357577487,47.02411929682688,5,Suburban,Excellent,A,2006
TXN-278,17-01-2023,168535.39102806756,1576.8196465960127,83.32625001818424,3,urban,Poor,B,1962
TXN-279,21-09-2022,134234.45330008795,1376.3534143189995,79.25182585707903,4,Rural,Good,C,1972
TXN-280,23-09-2023,172259.72960066883,1553.4163619129129,35.48386542418807,,Suburban,Average,A,1988
TXN-281,22-01-2023,226628.03434852787,1439.0120654477823,56.44870695,4,Rural,Average,B,1961
TXN-282,12-08-2022,359693.8054398496,1783.2434706754361,93.88218806094744,3,Urban,Average,C,1983
TXN-283,14-01-2022,87648.71683418284,1882.6809267178337,50.37668937720637,5,Urban,Excellent,D,2020
TXN-284,13-09-2022,472842.05376789323,1185.6042157968202,60.711914753812245,2,urban,Poor,C,1980
TXN-285,14-07-2023,61325.81140331488,967.5068185768888,79.24121786503792,5,Rural,Good,E,2011
TXN-286,02-04-2022,150859.9877915925,765.5178507586813,85.66781018565192,5,Suburban,Poor,C,1962
TXN-287,06-10-2023,218416.39817262796,1703.1965307650175,64.96922227911008,3,urban,Excellent,E,1980
TXN-288,24-10-2022,187305.4402890459,1058.6533575304506,58.049796106167165,4,Rural,Poor,B,1951
TXN-289,11-07-2022,119210.99151871382,638.8437628190069,98.44739723397015,5,urban,Excellent,C,1964
TXN-290,07-01-2023,146669.76981343166,1655.4314418123856,104.77799327595159,4,Suburban,Average,B,2006
TXN-291,30-04-2023,127197.9142910243,2497.199806973116,89.57716101563591,1,urban,Good,B,1983
TXN-292,13-04-2023,121214.57746854846,1497.5716353840426,71.70636285130048,,urban,Average,A,2017
TXN-293,10-12-2022,248898.64602621945,1835.3963097806568,53.834685567181474,4,urban,Poor,B,1978
TXN-294,15-06-2022,194562.3085114014,1532.731743419026,53.39111186886869,2,Rural,Average,B,2015
TXN-295,02-06-2022,115098.6887491004,1460.444138723543,80.45028210531515,,Suburban,Good,C,1965
TXN-296,21-12-2022,255199.26177480302,1867.6305931951074,78.36796441777368,2,Urban,Average,C,1988
TXN-297,30-05-2023,189785.49893819026,1383.8901823245394,98.03197185892859,5,Rural,Good,D,1986
TXN-298,02-07-2022,244368.12086670395,1606.9569256287612,83.00900185072278,,Urban,Good,A,1970
TXN-299,30-03-2023,222974.8850402287,1628.6791224784054,39.93839396480364,4,Urban,Average,B,1993
TXN-300,01-04-2022,107527.56309182556,1232.7638185427804,91.03895235445837,,Rural,Excellent,A,1968
TXN-301,02-03-2022,122996.2911,1896.8169398146092,50.03878745371174,5,Rural,Poor,E,2020
TXN-302,02-06-2023,236486.59453057888,1430.0160973218365,62.32057456095297,3,Suburban,Excellent,B,1957
TXN-303,19-07-2023,220838.09997120654,1197.701936202862,75.00400412503389,2,Suburban,Excellent,A,2015
TXN-304,20-01-2022,161062.7312252285,1714.6039374281613,109.9133497956793,5,urban,Average,D,1990
TXN-305,23-05-2023,172588.20043570618,1140.612807283585,132.19837112010723,3,Urban,Poor,D,2019
TXN-306,01-01-2023,308301.18203062314,1511.2724629476513,82.13446118272365,,Suburban,Poor,B,2010
TXN-307,05-09-2022,121080.91324285771,1496.3524013423187,66.33606762559225,,urban,Excellent,E,1975
TXN-308,21-11-2022,213960.92643593217,1934.3582263326311,80.69011296961101,5,Suburban,Average,D,2020
TXN-309,30-09-2022,147105.26144826048,1689.879293151981,87.75310851747672,4,Rural,Poor,D,2019
TXN-310,02-10-2023,145970.43765692622,1489.9892165019423,63.586647488856165,,Suburban,Excellent,E,1978
TXN-311,21-08-2023,281922.7640315558,1827.1065196801148,105.90422711824644,4,Urban,Poor,A,2015
TXN-312,24-01-2023,245906.87208866893,2056.0830196069255,74.60141518382804,4,Suburban,Average,D,1968
TXN-313,09-04-2023,244447.2499513869,1723.1241225407448,79.95486178182789,4,Urban,Average,C,2017
TXN-314,25-10-2023,312618.6648427536,1504.1410479373521,83.31848504108923,1,Rural,Average,D,2007
TXN-315,19-09-2023,164473.0359930834,975.2655070599362,78.43173221228912,3,Urban,Poor,A,2019
TXN-316,03-07-2022,228885.34622396666,1073.9545347698509,86.77881000939225,3,Suburban,Good,A,2006
TXN-317,19-06-2022,139367.0837954488,1377.910118258133,57.65493626906154,,urban,Poor,B,1986
TXN-318,28-04-2023,191392.80698691827,1256.1951191362868,58.833964921079385,,Rural,Good,C,2010
TXN-319,13-04-2023,152501.31116808602,1425.2114788058216,47.996915340566105,4,Suburban,Average,A,1979
TXN-320,28-03-2023,170842.60661818224,1522.6599699588428,78.79002461240452,1,Rural,Excellent,E,2020
TXN-321,13-03-2022,219164.64121495117,1711.8771017426923,85.57873007024229,4,Rural,Good,C,2022
TXN-322,19-03-2022,108108.39480506371,1471.8004887763634,79.15545732303772,1,Suburban,Average,C,1974
TXN-323,10-09-2022,463329.45126676717,1694.6006575304807,103.48984866695075,4,Suburban,Average,E,2014
TXN-324,02-03-2022,98419.21213433976,1525.7897659240482,69.88807962341907,2,urban,Good,D,1955
TXN-325,13-11-2022,88690.29012636302,709.8133734584515,83.37483311185025,2,Rural,Excellent,E,1967
TXN-326,23-06-2022,290411.87028952735,1124.2658424724982,48.16598247721372,5,Rural,Average,E,1959
TXN-327,22-07-2022,241791.56853715118,1442.3649777113537,62.25800595051198,4,Suburban,Good,D,1960
TXN-328,24-03-2022,222361.54306338416,1016.122102863557,83.91075515131556,,Urban,Excellent,D,2014
TXN-329,31-10-2022,222831.85545767818,1739.9714919984817,86.98204221486287,3,Suburban,Excellent,D,2014
TXN-330,29-07-2022,161761.2260358125,2112.3003329374787,64.12066104671635,5,Rural,Average,D,2001
TXN-331,27-09-2022,103919.60125064268,1987.5047406789267,68.56801496283866,,Suburban,Poor,D,2016
TXN-332,13-04-2023,169041.96540686834,1414.6228516279168,39.64252506638381,2,urban,Poor,E,1980
TXN-333,07-05-2023,116008.54651685608,2096.2904547399808,62.85941598386781,4,Urban,Average,B,1966
TXN-334,11-03-2023,265019.81260184007,1559.4669828808446,87.80766327039572,5,Suburban,Excellent,B,2004
TXN-335,26-10-2022,151217.02101600997,1365.1656115527842,81.50410032213132,4,urban,Average,A,1985
TXN-336,18-02-2023,107715.7833484683,1254.6389345836242,80.01331443,2,Rural,Good,B,1975
TXN-337,25-03-2023,138594.41639464194,1379.0121254047488,70.99547374,5,Suburban,Poor,B,2002
TXN-338,28-06-2023,200078.63177486756,1344.7292725835084,70.14126317256353,2,Rural,Good,E,1966
TXN-339,06-04-2023,122778.5645403282,1568.1664889501951,56.793577210531055,1,urban,Average,D,1974
TXN-340,09-03-2023,107892.4096067147,1564.229592419946,83.9765684,2,Rural,Average,D,1951
TXN-341,27-07-2022,183844.13877462194,1501.2184080613658,78.41945889,4,urban,Excellent,E,1954
TXN-342,16-07-2022,183961.77777972634,1674.7752678985398,79.84037695985599,3,urban,Excellent,B,1953
TXN-343,02-05-2022,126314.28584002756,1976.2585099145365,59.47930314664839,2,urban,Excellent,E,1985
TXN-344,12-03-2023,128602.4120963276,1879.8216541765296,26.933141602575112,,Suburban,Good,A,1955
TXN-345,20-11-2023,182777.52258973257,906.0408126200387,91.94305423507392,3,Rural,Excellent,D,1970
TXN-346,31-07-2023,78901.68235666656,478.4315460392181,60.42325087983192,1,Rural,Average,C,1975
TXN-347,01-10-2022,80520.58241,1873.7279644957096,52.74448471913759,5,Urban,Excellent,A,2004
TXN-348,19-11-2023,113638.52875854271,953.2485206338316,83.86957823827987,5,Urban,Poor,A,1988
TXN-349,17-01-2023,146279.7881692708,1410.0938392429266,62.15974720161741,3,Urban,Excellent,E,1982
TXN-350,05-08-2023,190128.18523594365,1031.9547895762562,91.19872768093244,5,Urban,Good,B,1963
TXN-351,22-04-2022,340332.4144,779.2078249679921,82.34011899153396,2,Rural,Poor,D,2005
TXN-352,30-01-2023,249903.4223484476,1716.585091281915,83.67138646400954,3,urban,Poor,C,1970
TXN-353,07-07-2022,150246.2261611748,1803.6620641210588,42.68088577598931,4,urban,Poor,A,1995
TXN-354,13-03-2022,161214.63552777912,1269.3958397093122,94.23887970772802,2,Suburban,Good,C,1965
TXN-355,03-04-2023,98591.00583135372,463.5830831,75.22501062467713,2,urban,Average,B,1965
TXN-356,02-03-2023,161255.19190559039,1281.502220699007,62.61445721507594,2,Rural,Excellent,B,1978
TXN-357,19-04-2022,140880.97734005348,1656.7216021610186,72.86776934684502,4,Rural,Poor,C,1957
TXN-358,22-03-2022,191254.3086203833,908.4353724903485,34.475295342033604,1,Rural,Poor,D,1952
TXN-359,15-07-2022,107622.44786415611,1573.3439679116623,78.17305622961342,,Suburban,Poor,B,1968
TXN-360,08-12-2022,211012.6276016061,1493.8760603308017,49.41256983635857,5,Urban,Average,C,2015
TXN-361,07-07-2023,350238.43924458604,1731.7165998404353,42.946594283129315,3,urban,Average,A,2023
TXN-362,18-02-2022,154140.5189038715,1547.8321473656613,39.55281627564218,1,Rural,Good,C,1971
TXN-363,10-10-2022,198959.3598615916,1110.7724236473778,92.2537675,3,Rural,Average,C,1995
TXN-364,10-01-2022,229824.6706894177,1978.6286006657965,57.41473212614423,5,Urban,Excellent,E,1962
TXN-365,07-09-2023,133171.0623760215,1436.588170789212,100.67455419832999,4,Rural,Good,B,1982
TXN-366,16-05-2023,182051.74537662818,1489.0781841960272,59.28397073895404,2,urban,Good,D,1954
TXN-367,24-05-2023,163782.76095554855,1126.6928163707216,35.852840848141064,2,Suburban,Excellent,D,1976
TXN-368,30-09-2022,170900.71439267148,1322.6870995233958,47.66951120102682,4,Rural,Excellent,E,1973
TXN-369,29-01-2023,110580.06504100136,1146.0789143892396,94.71623240013878,1,urban,Excellent,D,2016
TXN-370,01-11-2022,164761.63748848802,1430.8215760306307,66.88203644126665,1,Rural,Good,C,2012
TXN-371,29-06-2023,208772.23366633768,2184.6833920569375,59.034254070187984,3,Urban,Good,E,1997
TXN-372,28-04-2023,336237.08623026125,951.2395428274575,73.20036451705576,4,Rural,Good,A,2012
TXN-373,28-03-2023,262927.9746594033,854.5754408493035,80.03565472,1,Rural,Excellent,B,1961
TXN-374,29-04-2023,477629.79729273304,2088.4681309974435,92.34797631804922,4,Suburban,Excellent,B,1977
TXN-375,08-08-2022,110893.57300086216,1416.2705291392535,98.96998459785853,5,Urban,Poor,B,1993
TXN-376,17-01-2023,251742.07195833346,1232.3709045360333,62.80462708421828,2,Urban,Average,C,1992
TXN-377,27-05-2022,178379.9317962378,1915.9618749584306,43.479046278359235,2,Suburban,Poor,A,1966
TXN-378,03-02-2022,486455.8696409615,1257.7537841052545,61.730696777534476,2,Rural,Excellent,E,1989
TXN-379,18-05-2022,108646.07472435964,2230.4038854187747,75.20561013165772,4,urban,Good,E,1998
TXN-380,07-07-2022,106952.39189922612,1771.1703485357075,50.72482147578778,4,Urban,Excellent,B,2006
TXN-381,07-11-2022,120608.33543677798,1304.835436741719,50.85698170209914,3,Urban,Average,A,2013
TXN-382,08-03-2022,56277.61527651662,2362.9232853062013,76.87575763099771,2,Rural,Poor,A,2006
TXN-383,21-04-2022,125131.75349657996,1257.7140307986647,69.02695296859098,3,Rural,Poor,A,2023
TXN-384,06-07-2023,111349.99961446601,1796.8381488037228,70.65593990823173,2,Urban,Good,D,2023
TXN-385,07-05-2023,175465.35469203387,1619.7170321625968,54.83009330599861,3,Rural,Poor,D,2019
TXN-386,07-03-2022,193083.4944155011,2020.6965157595191,65.39198571588466,3,urban,Poor,B,1992
TXN-387,06-06-2023,415852.29645941616,2124.604478690741,51.51533711463391,5,Urban,Excellent,A,1972
TXN-388,04-09-2023,261767.48296063353,1512.8016596263067,87.80396822249574,3,urban,Poor,A,1976
TXN-389,11-08-2022,121972.16868631479,1198.6328518615267,90.70498669447505,4,urban,Poor,E,2007
TXN-390,21-10-2023,103859.32978605373,1683.9888571756464,33.07624275523813,3,Rural,Poor,E,1986
TXN-391,14-11-2022,208138.62140205587,1228.9138520991576,51.4097828,2,urban,Good,B,1955
TXN-392,11-02-2022,84110.22302075278,2305.354899010649,40.06941489819842,3,Rural,Good,A,2014
TXN-393,06-06-2023,406658.6370661842,1554.614132433095,56.99952131186204,1,Suburban,Excellent,B,1955
TXN-394,08-01-2022,293525.5773238043,1353.8713794751566,68.33124060419279,,Rural,Poor,E,1999
TXN-395,17-04-2023,128722.23875392797,1573.8721223459634,41.007095606029395,2,urban,Good,E,1971
TXN-396,09-03-2023,69108.48087,961.1494841881214,51.56280373749374,1,Suburban,Good,D,1974
TXN-397,09-01-2023,320275.29028396297,1111.3543845957392,49.92085255837003,2,Rural,Excellent,B,2021
TXN-398,29-05-2023,153695.71918369966,1980.165563,74.14534658797888,4,urban,Average,B,2000
TXN-399,13-10-2023,302219.28918513184,1237.2422884114417,71.38688674,,Urban,Poor,A,1997
TXN-400,17-08-2023,73334.47983096683,1081.2356069272241,55.565248933254935,,Urban,Good,A,2019
TXN-401,04-12-2022,120609.39815106761,1714.6611010109145,73.53641744278796,4,Rural,Excellent,D,2014
TXN-402,25-01-2023,163182.0699,1974.2816618651987,59.06639830825469,,Rural,Excellent,C,2009
TXN-403,30-09-2022,166623.2070248987,1787.5813242660267,64.56689779347893,4,Urban,Excellent,C,1995
TXN-404,28-02-2022,129958.08628516545,1898.4190743223267,103.46904180597073,1,urban,Good,C,1985
TXN-405,21-09-2023,222220.40111540636,1197.2819645722157,96.80922103580696,5,urban,Poor,B,2007
TXN-406,16-06-2023,95433.96156259468,931.2757333032625,44.00837526144805,2,urban,Average,B,1987
TXN-407,09-05-2023,151571.12375379325,2100.5334607821947,86.59464836,4,Rural,Poor,E,1960
TXN-408,18-12-2022,172844.5329284537,1370.9280644631458,86.22793108983184,2,Suburban,Excellent,B,1961
TXN-409,24-10-2022,210495.47112539024,1399.6667934179811,47.034734224947634,1,Suburban,Excellent,B,1991
TXN-410,02-10-2023,232305.23152133252,2031.2776567396231,86.37555287509721,5,Suburban,Average,B,1988
TXN-411,14-01-2023,92751.48156428873,1722.492003760264,100.75863836825106,1,Suburban,Poor,D,2020
TXN-412,05-04-2023,75579.69297415938,1682.355108832643,47.549103875111726,,Suburban,Excellent,B,1960
TXN-413,22-08-2023,308303.0204530223,2366.0009379604335,51.64994357971473,2,Rural,Excellent,A,1985
TXN-414,21-05-2023,192174.09904198497,1242.5927078479428,90.35322933687004,5,Rural,Poor,A,2001
TXN-415,21-04-2022,111944.30297529815,1871.136051232495,75.42990621651296,,Suburban,Excellent,E,1980
TXN-416,12-06-2022,353477.80918346136,1522.8052499588339,81.02952550479047,5,Rural,Poor,D,1982
TXN-417,12-05-2023,172445.63686005634,1607.4369115453028,76.81178432800994,,Rural,Excellent,A,1962
TXN-418,14-04-2022,293504.60029095894,2111.3873705650126,77.81391841856288,1,Suburban,Poor,D,1967
TXN-419,02-08-2023,168343.06683586884,1703.1343025158494,43.47055743377834,4,urban,Average,D,1990
TXN-420,15-05-2023,456057.40213131905,1715.318431619853,90.94635413242897,2,Rural,Excellent,E,2007
TXN-421,19-09-2023,391472.44986497646,1929.0029349239207,93.39179984855548,3,urban,Average,D,2005
TXN-422,05-01-2023,143705.00856301677,1354.018908182846,65.41218511863944,3,Rural,Excellent,B,1973
TXN-423,15-07-2023,264549.9807261839,1164.3161330643975,69.13046100372276,1,Rural,Excellent,D,2022
TXN-424,24-11-2022,224737.41939971328,1082.0763223915865,39.377849948885554,2,Suburban,Good,E,1980
TXN-425,21-11-2022,322647.5334799441,713.4573642495993,80.28509512,2,Rural,Poor,E,2004
TXN-426,23-03-2023,100462.3460100904,2322.4828519761286,81.44114883428288,1,Urban,Average,E,1959
TXN-427,14-07-2022,229354.86914619998,1058.7166537113267,68.75617966001379,2,Urban,Average,A,2009
TXN-428,12-10-2023,276291.6372199819,1411.4985505656912,92.48706719741006,4,Suburban,Average,B,1951
TXN-429,28-04-2023,67550.46700179092,1389.2746800444318,63.31845538040119,1,urban,Poor,A,1964
TXN-430,02-05-2023,90072.55071847807,1622.9626791236403,81.29211851787201,4,urban,Good,C,1952
TXN-431,24-11-2023,58711.08978875776,1826.2948850157186,49.60671322615769,2,urban,Average,B,1992
TXN-432,17-05-2023,142243.63172230826,1844.189395343898,69.52895698251524,1,Urban,Poor,D,1980
TXN-433,20-02-2022,232994.7332,1266.7690245724245,66.51291484194329,2,urban,Excellent,E,2019
TXN-434,05-09-2022,344958.1988944787,1433.1513144854355,74.50615844081884,1,urban,Average,C,2016
TXN-435,23-07-2023,168897.5150625038,1613.0319801953199,62.60946142333283,2,Suburban,Average,B,2005
TXN-436,13-01-2022,367437.2272295793,1400.523549526581,67.37054808656664,4,urban,Good,A,2012
TXN-437,16-11-2023,81629.76739133248,2142.9382304079973,86.52094342883012,4,Urban,Average,E,1964
TXN-438,04-09-2023,69446.27981176044,1696.3899806553004,61.26471525523565,2,Urban,Average,A,1959
TXN-439,02-12-2022,158296.6606464761,1793.9511144199269,37.868457985226414,1,Urban,Excellent,B,1987
TXN-440,11-05-2022,197211.63579777506,1765.152507466965,104.99167808410841,3,Suburban,Poor,B,1996
TXN-441,12-01-2023,160115.80696787447,1969.389543,97.62908157380973,4,Suburban,Poor,C,2006
TXN-442,17-01-2022,57888.78506993586,1572.4086234814827,44.154746097887625,4,Rural,Good,D,1999
TXN-443,09-08-2023,155661.64373628574,981.2672208176614,83.79415610490389,,urban,Excellent,A,2020
TXN-444,03-02-2022,84775.78694910026,1659.8751807010567,59.94050458897314,3,Suburban,Poor,C,1964
TXN-445,04-01-2022,227484.24777239887,1239.4572424832684,75.26974430662119,2,Urban,Excellent,E,1967
TXN-446,19-04-2023,195496.7674,1288.5533273000972,75.88448258026988,1,Urban,Poor,D,1951
TXN-447,21-04-2023,101728.22818895655,1734.5456075020372,65.31184399367356,,Suburban,Excellent,C,1992
TXN-448,14-12-2022,125877.75811646262,1995.3132285734544,54.32468668827207,2,Suburban,Good,A,1975
TXN-449,19-09-2023,95835.95810091945,1508.5086306944247,56.18917895367481,5,Suburban,Average,B,2020
TXN-450,06-12-2022,157733.2274856513,1623.5332050395855,51.67616169037515,4,Rural,Good,E,1987
TXN-451,15-05-2023,262385.7846547664,2180.885977854095,53.363555835391104,5,Urban,Poor,A,1991
TXN-452,18-06-2023,99422.82328807654,1596.3012717954273,68.65643419901289,4,Rural,Good,D,1954
TXN-453,29-05-2023,209404.53991248243,2540.673245672158,55.68480021778497,4,Rural,Average,D,1960
TXN-454,11-03-2023,124850.36145448982,1726.2038582526177,83.64104131425239,5,urban,Good,B,2014
TXN-455,17-11-2023,109487.27198129444,795.6948963,99.74492310671855,5,Urban,Poor,B,1983
TXN-456,26-10-2023,154273.89182096123,1801.336648441813,58.39893517259914,2,Urban,Poor,E,1950
TXN-457,13-03-2023,96991.52075719245,1652.463353953111,74.78809001070753,,Suburban,Good,E,1951
TXN-458,25-10-2022,123398.6372856506,2015.9011016330983,79.99370220605867,,Suburban,Average,B,1969
TXN-459,15-07-2023,89416.54880491387,1769.2725405079834,79.44004542,5,urban,Good,B,2010
TXN-460,10-08-2022,434678.7651981956,1444.6176064064905,71.51910535832175,2,Rural,Average,D,1970
TXN-461,25-03-2022,165649.89535194123,1010.2807054842538,84.85364836719445,,Suburban,Excellent,B,2017
TXN-462,03-06-2023,114707.10506910428,1416.3906970855899,79.64497905361314,2,Suburban,Average,C,1961
TXN-463,31-05-2022,181133.56302156497,1159.791818,45.24675155345405,2,Urban,Excellent,A,1971
TXN-464,09-03-2023,153865.7849588268,1267.7906200781108,87.38312128778546,4,Urban,Good,B,1969
TXN-465,06-11-2022,145730.63053217786,1735.4313617682437,87.74581674533485,,Suburban,Average,E,1950
TXN-466,01-11-2023,221257.6967911516,2167.9618017405624,54.73427791642837,,Urban,Excellent,C,1979
TXN-467,12-02-2022,237697.4332520933,1657.8686119291924,70.75875670895203,4,urban,Excellent,E,1973
TXN-468,24-11-2023,124835.16002330686,1021.6467751859262,83.66657985622139,5,Suburban,Excellent,C,1963
TXN-469,18-01-2022,122038.3818637021,1677.8410672880564,65.81372360841277,4,Urban,Poor,B,1985
TXN-470,17-05-2023,141842.7248684697,1978.6525946582606,91.45956095532023,,urban,Good,A,2018
TXN-471,15-10-2023,51484.67232688946,1256.0868382722472,117.27744989238721,,Urban,Excellent,E,1973
TXN-472,10-07-2022,76298.18802,1446.3931333308328,54.28027934730035,5,Urban,Average,C,2009
TXN-473,06-08-2023,322364.1653319614,1505.875277891679,42.37910794,4,Urban,Excellent,D,2004
TXN-474,03-04-2023,370453.7396767439,1186.040674767104,76.07637191209751,1,Suburban,Poor,B,1973
TXN-475,12-01-2022,143699.84310191515,1759.3121735375437,84.43125010252287,1,Rural,Good,A,1973
TXN-476,29-04-2022,217135.85174105127,1451.6207405568873,65.38267252310462,5,Urban,Poor,B,2003
TXN-477,31-10-2023,190160.75593270216,1667.812977562811,99.06521326642068,4,urban,Poor,D,1975
TXN-478,08-04-2022,758759.6990659495,1145.003129,43.227884005535024,4,Suburban,Poor,A,2015
TXN-479,17-08-2022,284869.78374986217,1325.016679870636,83.85837246063222,2,Suburban,Average,D,1987
TXN-480,14-06-2022,152671.09861859016,1788.9525431311085,57.882783584822135,,urban,Good,B,2014
TXN-481,20-06-2023,100934.7734424878,1350.8667391632932,104.38755812414593,3,Urban,Good,C,2000
TXN-482,29-05-2022,72895.11016865067,2190.785540493362,109.85030706336237,5,Rural,Average,B,1984
TXN-483,07-07-2022,180183.6374615795,1340.145525754159,54.666868244333045,3,Urban,Good,B,1992
TXN-484,18-03-2022,111504.99057020422,1589.8738903007543,59.00885728,3,urban,Poor,B,1978
TXN-485,22-08-2022,79927.33154801118,1873.036332749236,87.19175773959604,5,Suburban,Good,E,1986
TXN-486,02-04-2023,117796.46695758186,932.6537068267874,62.257387004209704,4,Rural,Average,D,2007
TXN-487,09-03-2022,94771.68841163597,795.6764752076897,69.09177564135524,5,Suburban,Poor,D,2003
TXN-488,06-01-2022,378348.42811550625,889.7374742,70.50776841,3,urban,Average,D,1988
TXN-489,30-06-2022,252917.8163745727,2005.0336413708728,31.606536876046874,,Urban,Excellent,E,1991
TXN-490,19-04-2023,162107.29006318728,1279.2567416430213,69.72324507811526,,Rural,Poor,C,1977
TXN-491,16-03-2022,341114.0198522692,2523.2797142673007,56.20544451871652,,Suburban,Poor,B,1978
TXN-492,02-07-2022,169174.18673093303,1274.3009605370446,60.13754355200456,4,Suburban,Good,C,1992
TXN-493,13-09-2022,105805.5124219444,1573.8205212788148,98.87264006937627,1,Suburban,Poor,E,1952
TXN-494,14-01-2023,348558.7374634185,2116.843981,44.86986211441487,5,Urban,Average,D,1959
TXN-495,20-09-2023,213086.8316,2302.4371552636494,86.26410373495955,,Rural,Good,B,2008
TXN-496,22-04-2023,96894.39207070299,2324.6014306545594,64.42074139336383,5,Urban,Excellent,A,1963
TXN-497,14-08-2022,147979.74140201707,1983.3464922372568,64.40479663008331,,Urban,Average,A,1996
TXN-498,03-03-2022,105049.9125,1909.625010324585,85.80743792103422,4,Urban,Excellent,C,1991
TXN-499,21-02-2022,81519.71195947117,1737.0107796804732,76.80102589,1,urban,Excellent,D,1981
TXN-500,05-12-2022,258613.1962928068,1811.344430466655,81.41225994439063,1,urban,Excellent,A,1981
TXN-501,15-09-2022,422822.7418638001,1279.5257134685867,89.36369321065722,,urban,Poor,C,1991
TXN-502,22-06-2022,80879.54378924138,1172.7204466310773,63.37383233633354,4,Rural,Average,E,1981
TXN-503,28-10-2023,215665.66026706184,1498.650217035619,57.755265309844994,2,Urban,Average,C,1975
TXN-504,06-03-2023,117557.01341511405,1431.9261509900286,48.29698946884404,5,Urban,Poor,C,1950
TXN-505,11-08-2023,127572.14263081216,1318.7087802690899,53.4917894,5,urban,Good,C,2005
TXN-506,12-10-2023,121031.1268124476,1778.5549789826862,128.9818885061745,3,Urban,Excellent,B,1951
TXN-507,09-03-2023,105662.42433753144,1882.1220834282044,94.89359161473573,4,Urban,Average,C,1979
TXN-508,17-07-2022,166751.64252802962,1535.362754516739,42.978512675839575,3,Suburban,Poor,C,2020
TXN-509,19-03-2023,107422.5005878536,2091.0120324221048,43.55084087,,Urban,Excellent,B,2001
TXN-510,01-11-2022,186321.39895761362,1043.324354346598,79.63732123436984,3,Suburban,Good,B,1958
TXN-511,28-01-2023,158717.46411220683,1422.5362162881127,80.94529594755934,1,Urban,Good,E,1971
TXN-512,27-01-2022,144426.4956611048,1213.271071758878,80.97767671,5,Rural,Excellent,D,1983
TXN-513,26-11-2023,103385.31079069886,753.3853532,64.90088412892604,3,urban,Good,A,1998
TXN-514,01-09-2023,121980.23894263375,1466.9277256629202,67.49091479994199,1,Suburban,Average,A,1950
TXN-515,06-07-2022,237446.02486753487,1451.3009966466866,76.55759048318714,4,urban,Average,C,2022
TXN-516,23-07-2022,209077.14837426002,2105.3798972968525,71.71786012586661,3,Suburban,Average,E,2002
TXN-517,10-11-2022,99829.83620608375,1752.324673821911,25.61399255,,Suburban,Good,C,1989
TXN-518,05-06-2023,171042.2964764066,1090.325270268318,65.40400738849613,,Suburban,Average,A,1994
TXN-519,04-02-2023,236971.12131135596,2241.6370265336755,52.97187131479373,,Rural,Poor,B,2017
TXN-520,27-01-2022,70636.15193158078,1988.4134782101412,73.50422837817024,5,Urban,Average,D,1958
TXN-521,11-09-2023,213561.49355328016,1732.8390813874462,129.70518005206821,3,Suburban,Average,E,1971
TXN-522,30-05-2023,116854.88216043338,1409.4063604600672,77.34963330948608,4,Rural,Good,B,1967
TXN-523,22-04-2023,216489.9346882467,1116.224305310608,63.72940627655204,3,Suburban,Average,D,1992
TXN-524,09-05-2023,111120.49385177075,1351.1172895715788,88.43603003954505,5,Urban,Excellent,E,1988
TXN-525,22-01-2023,66009.83002347373,1935.4994478816743,79.65375774418425,1,Suburban,Poor,E,2022
TXN-526,07-05-2022,72130.24925,2253.8345223738434,78.40188980903683,5,Rural,Good,A,1955
TXN-527,17-07-2023,166715.23784184785,2117.297411308876,82.13701186431342,,Urban,Poor,B,1997
TXN-528,26-05-2022,185324.0606521914,1304.4602312854904,111.13087129659083,1,Rural,Excellent,E,1956
TXN-529,09-02-2022,103553.29507804751,1052.1530266843956,47.38223129348169,,Urban,Good,E,2018
TXN-530,17-07-2022,223976.45851268218,1556.3544987644816,79.47264153622909,2,Urban,Good,D,1965
TXN-531,05-07-2023,70915.19240235807,792.6242537748593,51.47237740036923,5,urban,Average,A,1950
TXN-532,17-08-2023,157465.2535732987,1629.2670856739126,81.11025292684496,5,urban,Poor,C,1986
TXN-533,24-08-2023,88831.08287583712,1440.9589654805325,51.626269770278114,4,urban,Excellent,A,1986
TXN-534,02-01-2022,117486.8799,1313.5853992527032,61.652663727898315,3,Urban,Excellent,C,2013
TXN-535,29-06-2023,166658.04137685933,862.1187730932818,64.09820171524187,1,Suburban,Good,B,2011
TXN-536,23-01-2022,105851.59208012506,1705.4400426278867,89.51633438689419,1,Rural,Average,B,2021
TXN-537,09-10-2022,134285.34133374086,1286.9196641352355,88.36908887884827,4,Rural,Good,E,2010
TXN-538,13-11-2023,269182.9138406874,1032.0332657158847,45.08565247107231,4,Rural,Good,B,1982
TXN-539,28-04-2023,121972.88747891536,351.09511468734036,71.09868221999697,3,urban,Good,E,2015
TXN-540,21-01-2022,247173.56373630237,1488.9940379797456,55.80840290501655,,Urban,Good,A,1979
TXN-541,05-10-2022,92516.89659131452,2208.9006386678975,44.82990178649331,3,urban,Excellent,B,1969
TXN-542,22-04-2022,212118.8667957455,2164.503685819148,65.65965899151259,5,Suburban,Excellent,A,2009
TXN-543,09-09-2023,334631.2004934903,1317.1614973654912,63.830344230883604,,Urban,Good,A,2023
TXN-544,15-07-2023,47295.84608,1259.1151758552878,118.53432972691044,2,Rural,Good,B,1973
TXN-545,15-05-2022,109267.29119749188,1687.5097024300094,78.65919650721392,3,urban,Average,A,1953
TXN-546,21-11-2023,217191.7892455005,1100.6458243246834,42.44764998491526,4,urban,Good,B,1986
TXN-547,27-04-2022,147042.5540171377,1620.7167599277864,58.704519916581155,,Suburban,Excellent,B,1953
TXN-548,15-07-2023,195941.79634442308,1806.432111353876,90.42766590858797,3,Suburban,Poor,B,1967
TXN-549,11-01-2022,120331.70378978713,1990.773289553723,111.7688554573985,1,urban,Excellent,C,2015
TXN-550,21-06-2022,169956.0059032608,1459.9383694080188,38.28033375524083,2,Suburban,Average,A,1997
TXN-551,22-03-2022,150566.68915069447,1418.5304999292136,32.4015123,5,Rural,Excellent,D,1982
TXN-552,07-02-2022,291819.5850357248,1148.8069652973757,107.41930350743564,1,Suburban,Poor,B,2007
TXN-553,22-01-2023,184833.44877031734,1169.247858384056,77.79228354741808,1,Suburban,Good,A,2022
TXN-554,20-08-2023,192682.94230260563,1409.4084432393893,52.63414536247267,2,urban,Poor,E,1977
TXN-555,11-01-2022,132463.38107137757,1646.9462027264713,80.69258172244871,5,urban,Good,B,1984
TXN-556,28-05-2023,127541.47540330513,1865.4338504932998,17.285045219662443,4,Urban,Good,B,1959
TXN-557,14-05-2022,131100.68648576143,1178.728419727862,70.06751013194322,,Urban,Excellent,D,2014
TXN-558,01-01-2023,198238.48829218547,2097.075427583809,76.55642345686171,5,urban,Excellent,C,1991
TXN-559,21-04-2023,131861.5463210779,1391.5505595829725,88.48540279,3,Suburban,Excellent,C,1958
TXN-560,27-02-2022,188129.7998755079,1491.4530822606255,49.72208095414925,1,Suburban,Average,B,2009
TXN-561,12-09-2023,459410.9476717592,1201.1153283408707,71.71374322806719,3,Urban,Excellent,A,1964
TXN-562,30-05-2022,251591.5835942819,530.3038958908234,51.49150747880825,4,Urban,Average,E,2006
TXN-563,10-03-2022,138273.4097157262,1853.6181585444199,75.10767511348634,3,Urban,Excellent,E,2018
TXN-564,05-04-2023,296738.6194432661,1794.7375588369732,52.09307355273952,5,Rural,Good,A,1971
TXN-565,19-05-2022,132715.40645779145,1387.4689771527146,61.837983216795585,3,Rural,Average,B,2013
TXN-566,14-04-2023,58743.61424584496,1526.7962868899488,50.08369210419542,4,Urban,Poor,E,1990
TXN-567,25-02-2022,98317.45357460788,1706.3756870816399,83.02272483647315,4,Suburban,Average,C,2020
TXN-568,19-04-2023,63869.935678563306,874.9816572,87.16902233313331,4,Urban,Average,A,2005
TXN-569,05-10-2022,136522.3010583541,1288.378929061482,65.30758860085173,5,Rural,Poor,D,1972
TXN-570,24-05-2023,164260.5539350293,1817.7058718487308,70.76475989920057,4,Suburban,Average,B,1974
TXN-571,22-05-2023,376328.85562326934,998.2842307323002,41.02817170732912,1,Rural,Good,A,1955
TXN-572,10-04-2022,191657.20925605454,1617.4231728666516,64.00646703986426,4,Suburban,Excellent,E,1983
TXN-573,21-04-2022,145866.88461697672,957.3672782,68.99590766,3,Rural,Poor,B,2012
TXN-574,07-01-2023,246397.85138910796,1686.5719929734105,122.4158618205995,,Suburban,Excellent,C,1958
TXN-575,15-03-2022,53875.566665079285,1485.7434070810066,47.76065948451673,3,Suburban,Good,B,2009
TXN-576,28-02-2022,183103.57934550184,853.9472736377962,99.28354477504875,,Suburban,Poor,B,1998
TXN-577,29-06-2022,239290.26620312338,1965.8957417828685,89.93717546931616,3,Suburban,Excellent,C,2000
TXN-578,07-07-2022,77707.48603721173,1206.1633692807804,75.61272808980273,5,urban,Excellent,C,2009
TXN-579,30-08-2023,288334.6378593803,1175.8990251942475,105.17240968390267,3,Rural,Good,B,2019
TXN-580,20-11-2023,192769.06629292452,1580.227678892377,77.44210945213726,5,Rural,Excellent,C,1986
TXN-581,22-06-2023,132237.66076844258,1959.4549397714861,77.78318391335857,5,urban,Good,A,1980
TXN-582,31-12-2022,223326.68487804465,1093.6712724086412,68.93758694,4,Suburban,Average,C,1990
TXN-583,29-08-2022,506533.84861713997,1524.6719399391886,94.47137764837255,1,Suburban,Good,C,2011
TXN-584,21-10-2022,178248.3581918558,1671.5266001322293,91.92938467621767,,Rural,Average,B,2007
TXN-585,18-10-2023,184261.32860916955,1777.2422429052576,57.48645425007575,4,urban,Poor,A,1963
TXN-586,07-04-2022,129355.47972040802,1570.5766221108902,43.61505610802465,4,Suburban,Excellent,D,1985
TXN-587,12-04-2023,106412.44520558865,1353.1888643666712,65.94038725208686,5,Suburban,Good,D,1985
TXN-588,02-03-2022,246512.48204250136,1168.9639117405122,53.99922871204707,5,Suburban,Good,E,1957
TXN-589,04-08-2022,106080.98459944231,1534.457553,68.72950851,,Urban,Excellent,C,1975
TXN-590,18-03-2022,168684.11765543246,1071.1443952057573,94.74876269368278,3,urban,Excellent,C,1985
TXN-591,04-12-2022,128177.49686890242,331.45980660215696,60.853966898264204,3,Suburban,Poor,A,1997
TXN-592,23-11-2023,206796.3792236009,1674.6239216630672,69.14353237376851,4,Urban,Poor,D,1977
TXN-593,06-12-2022,192303.67701626182,1861.5739364344781,71.1604547,2,urban,Good,E,2017
TXN-594,05-03-2023,273421.53625367593,554.8270257832646,86.96861764410569,2,Suburban,Poor,A,2011
TXN-595,27-03-2023,126120.3388740021,1096.107718116025,25.062213320307897,3,Rural,Average,C,2000
TXN-596,07-11-2023,142210.34343565526,1747.661704402079,57.86599410469407,2,Urban,Poor,D,1991
TXN-597,29-07-2023,99769.53369619277,2322.9981878846793,74.22567384558945,3,Urban,Poor,E,1978
TXN-598,14-05-2022,130333.70082987058,1508.3174830701632,94.00157912853723,5,Suburban,Good,B,1959
TXN-599,06-09-2022,196545.69868248006,1208.7988235083462,60.161951049875896,4,Suburban,Average,D,1988
TXN-600,12-07-2022,237635.74767295245,1426.841423558064,32.46894587916252,1,Urban,Poor,E,1950
TXN-601,20-08-2023,102633.26073738512,2049.950567659274,82.39422891932273,4,Rural,Average,A,1988
TXN-602,10-04-2023,251400.5995682317,1241.6143283501858,57.29275222348741,3,Rural,Average,B,1970
TXN-603,16-01-2023,320558.1356580969,1180.3231973398986,46.20666681819277,3,urban,Average,E,2014
TXN-604,22-07-2023,200129.0028027617,1306.902591127187,57.51309220573552,4,Suburban,Excellent,E,1964
TXN-605,19-08-2022,415982.26506487204,1118.668556696515,66.30949285,,Rural,Excellent,C,1953
TXN-606,08-01-2022,110536.97954250564,1549.0681263979181,57.905106709235746,3,urban,Excellent,D,2009
TXN-607,16-10-2023,87349.50496991811,2149.871383387824,25.888678858018615,2,Rural,Excellent,C,2010
TXN-608,17-09-2023,66878.97191444888,1629.2317092464116,87.94132393774265,2,Suburban,Good,B,1969
TXN-609,05-12-2022,343871.0996260244,1399.058599149485,95.49750082557445,3,urban,Poor,E,1959
TXN-610,09-01-2022,225749.85481972454,1383.2754924337823,83.03043982679011,3,urban,Excellent,C,1983
TXN-611,08-05-2023,158293.73440035954,874.7236765213372,47.24628659150367,,urban,Good,D,1997
TXN-612,14-08-2023,187209.63545710457,1853.2439108588637,65.97016932104964,2,Rural,Poor,B,1982
TXN-613,13-12-2022,92712.21169294312,1468.8651211948793,69.86957369541084,3,Suburban,Excellent,A,2010
TXN-614,03-09-2022,552868.7938126989,1427.8080345637497,81.97588779123821,3,urban,Poor,C,1959
TXN-615,31-05-2022,173617.6229921118,2777.2430271379444,83.36680977436161,,Urban,Excellent,B,2003
TXN-616,04-04-2023,171905.02057294067,1619.5011633462746,55.31652402443008,,Suburban,Good,A,2014
TXN-617,20-01-2023,233954.82308219885,1199.2835799619263,71.63991112827121,4,Urban,Average,C,1950
TXN-618,10-11-2023,207006.32262607355,1329.4569615177827,79.14560809230483,,Urban,Average,B,1954
TXN-619,04-07-2023,182032.77133676194,1959.3782836787018,99.11644644293533,1,urban,Poor,B,1964
TXN-620,22-10-2023,109618.64660445336,1545.3081642151058,84.09013079649446,2,urban,Good,C,1977
TXN-621,30-06-2023,206021.16363109348,924.6888086730534,85.78113374751038,4,Rural,Average,B,1972
TXN-622,05-12-2022,417071.2077684927,1867.6915738300813,71.67653255858721,1,Rural,Excellent,E,1966
TXN-623,03-08-2023,318924.6104878859,1232.7423657844024,98.20918290407008,3,Rural,Average,C,1962
TXN-624,25-04-2023,360985.58772538946,2249.3191104870184,78.19525591918995,3,Suburban,Poor,B,1963
TXN-625,01-03-2023,126044.73489663411,1932.0192262858595,52.77824179652859,4,Rural,Poor,A,1960
TXN-626,30-10-2023,99230.19081574463,1321.0712417364996,98.06739940250381,,Urban,Good,A,1977
TXN-627,23-08-2022,152833.83125591764,2012.4065446940451,83.95806545078055,3,Rural,Poor,E,1991
TXN-628,14-06-2022,167353.3051122779,1527.1422042109614,61.13911957743035,5,urban,Average,C,2010
TXN-629,07-11-2023,281277.14945443964,1841.1094700488877,60.41014065201513,4,Rural,Average,B,2013
TXN-630,16-02-2022,69826.41706591641,1693.893127,75.93151090281523,1,Suburban,Average,B,1980
TXN-631,14-03-2022,349680.5001102848,1161.4573380036506,79.26369591,4,Suburban,Average,A,2022
TXN-632,09-11-2022,150391.33122581485,1242.5800670730152,73.94584531262413,2,Urban,Good,E,1959
TXN-633,25-11-2022,131473.3521774522,1911.9843270324645,76.22617347,,Suburban,Excellent,A,1957
TXN-634,25-03-2022,98120.12892951844,1366.0898671573837,103.99914749152761,,Rural,Excellent,A,1970
TXN-635,14-03-2023,71151.85423223073,1338.5406147032013,91.43086304469772,4,urban,Good,E,2008
TXN-636,07-11-2023,245630.90253185146,1117.9509682602588,73.81271182530048,3,Suburban,Poor,C,1999
TXN-637,01-06-2023,168831.92688854577,1669.4396262373843,88.82621161534966,3,Urban,Excellent,B,2018
TXN-638,05-09-2023,85393.01203404543,2325.0099676972577,49.34952192944921,5,Rural,Poor,C,2019
TXN-639,20-09-2023,85174.77611261322,1072.986834298291,77.95854099893617,5,Urban,Excellent,D,1979
TXN-640,05-07-2022,137600.19895234518,1509.6877826691032,106.1861269946622,,Suburban,Poor,D,1966
TXN-641,27-07-2023,374936.0520876227,2064.8882221661715,65.63908209215252,5,Suburban,Good,D,1969
TXN-642,02-08-2022,142943.44254326617,1468.143443501714,53.04732143,1,Urban,Average,E,1997
TXN-643,09-02-2022,76759.19965216273,1680.9487184998936,56.95822222813879,5,Rural,Poor,A,2022
TXN-644,04-09-2023,143936.63801760314,1075.042588741248,48.207339253152234,1,Suburban,Average,C,1951
TXN-645,24-01-2022,142007.93497476814,1671.3228388830594,54.30476183744593,5,urban,Poor,B,1986
TXN-646,17-08-2022,42258.32600295432,1425.1422939981805,62.58983802819942,,Suburban,Poor,D,1950
TXN-647,24-09-2022,158395.85130150613,1894.2919982719452,41.88865961642716,,Rural,Poor,C,1953
TXN-648,14-08-2022,145006.33859501773,1974.9544206259004,70.31236667899206,1,Suburban,Poor,D,2003
TXN-649,17-09-2023,230522.3690330426,2535.8254568074453,88.04554347573294,4,Urban,Poor,D,1974
TXN-650,12-10-2023,410231.96519938833,1731.8532692854303,51.8448764,,Suburban,Average,B,1952
TXN-651,05-09-2022,285867.1624008649,1630.3185266328667,100.38567847283538,4,Suburban,Poor,E,1958
TXN-652,15-06-2023,142280.48783060853,1577.7537206309344,80.21584177055189,3,Rural,Average,A,2023
TXN-653,15-10-2022,93595.44957471642,1358.7334828757246,90.61161171248115,1,Urban,Good,E,1983
TXN-654,17-07-2023,589293.6537439792,1635.3935373846764,56.84330892295726,,Rural,Excellent,C,1992
TXN-655,29-10-2023,167645.88677663164,1381.8394359443882,87.09050454133231,2,Suburban,Poor,E,2023
TXN-656,27-11-2022,163892.27741464475,1567.3843905078456,48.16132199209374,3,urban,Excellent,C,1971
TXN-657,02-01-2023,160803.34800630738,2027.0390142431838,87.80495001673017,4,Suburban,Average,C,2019
TXN-658,28-10-2022,179699.6958781836,1097.3829738881436,73.43678679587063,,Rural,Good,A,1951
TXN-659,09-11-2023,151421.07241788806,1955.951424451618,81.06502439969567,1,urban,Good,B,2015
TXN-660,06-09-2022,122170.0244537666,2026.8460269359462,46.48810788750296,5,Rural,Good,A,1981
TXN-661,31-01-2023,123818.3101541322,1452.7725892035685,52.09860315446791,2,Rural,Excellent,E,1965
TXN-662,12-11-2022,160111.12187803307,651.2580403965621,81.94456436506769,4,Urban,Average,C,1950
TXN-663,08-04-2023,124031.09936012492,1256.871205162227,51.033039915515985,3,urban,Poor,D,2021
TXN-664,10-04-2023,113957.0735504251,2018.7978186244436,79.26412584198246,1,Suburban,Poor,D,1997
TXN-665,26-11-2023,171650.39736336272,1490.8527750804471,42.657243870795085,2,Rural,Average,C,1999
TXN-666,30-06-2022,143273.60334342928,1100.2791070820358,86.96348425333336,1,Suburban,Excellent,A,1962
TXN-667,24-02-2022,345240.4791788662,1298.090031508713,45.34953370462982,,Urban,Poor,B,1964
TXN-668,18-09-2022,43239.73295276176,1836.248010601821,81.04599875359047,5,Urban,Average,A,2002
TXN-669,22-06-2022,280899.8350749211,1718.6934272805518,82.51261867292001,3,urban,Poor,C,1993
TXN-670,07-10-2023,303471.38335302135,1404.4271603321222,56.064563631408504,1,Urban,Good,C,1957
TXN-671,03-10-2022,57716.875753373606,1353.270235274125,81.64053134169454,4,Urban,Poor,B,2023
TXN-672,03-07-2022,137126.0977,1343.2967403824712,75.20884526667112,,Suburban,Excellent,E,1995
TXN-673,20-09-2022,135168.7892234231,1131.035926200599,59.22316287614524,,Urban,Average,E,2018
TXN-674,21-06-2022,80518.65314415484,2146.150275787777,49.82890631847584,3,Urban,Excellent,B,1968
TXN-675,09-05-2023,110314.61030876884,1371.071812315464,30.74748616654842,,Rural,Average,E,1987
TXN-676,11-09-2023,93406.11351495612,1986.8634083301986,76.99300094599387,4,Urban,Good,D,1960
TXN-677,24-10-2023,390871.9226343477,2108.5264207689806,38.70394457,1,Rural,Average,E,1992
TXN-678,19-09-2022,259844.6409444991,1899.3243592591841,71.90688398882617,3,Urban,Poor,E,1969
TXN-679,12-03-2023,307360.78976090444,1327.3518749127807,64.73103567835501,,Urban,Poor,E,1969
TXN-680,22-10-2023,233476.34202835977,1661.4920361346437,83.58285550876391,,urban,Good,D,1970
TXN-681,14-02-2022,92547.2047,1490.3217574436335,63.959090010202715,4,urban,Average,E,2006
TXN-682,09-07-2022,125209.03090303177,1138.5192557079488,63.411044273058174,5,Rural,Good,D,1999
TXN-683,11-02-2023,207873.97395621336,1629.7437126886412,84.63741408576591,5,Urban,Poor,B,2023
TXN-684,02-05-2022,88338.92317760915,1028.384083536079,76.70116058168234,,Suburban,Excellent,A,1975
TXN-685,23-04-2022,232465.9903,1975.0717553846255,76.32311914365556,1,urban,Good,B,1979
TXN-686,17-06-2023,144327.06689194124,1314.1530810806428,79.38535179617053,3,Suburban,Excellent,A,2022
TXN-687,25-09-2023,134940.55083211264,1580.4638623491358,39.28855753585788,,urban,Excellent,B,1980
TXN-688,31-12-2022,232229.17447836255,1613.3151486184568,85.13577359973964,2,urban,Average,A,1991
TXN-689,29-07-2022,203237.72982906378,1396.438010518369,82.24937588027204,3,Urban,Good,A,2017
TXN-690,23-06-2023,135878.57256308774,1734.677521,49.66633742847006,5,urban,Excellent,C,2010
TXN-691,21-08-2023,290588.9200876727,1310.0385373509903,65.11839052651598,,Suburban,Excellent,A,2010
TXN-692,24-08-2022,94794.65797683617,1848.5189189828977,69.21385424744737,4,urban,Average,A,2019
TXN-693,11-03-2023,221453.47549032056,961.6081279013006,67.31006431196535,2,Rural,Average,C,2017
TXN-694,14-02-2022,218939.48118411127,1550.5518318185648,76.67719933137069,,Urban,Poor,E,1966
TXN-695,03-02-2023,139417.28709480548,2275.571599623314,98.62733563662367,1,Urban,Excellent,E,1968
TXN-696,15-09-2023,191581.10277293838,1099.8674701577702,91.63533455345657,2,Rural,Poor,C,2000
TXN-697,25-06-2023,87067.87029251311,1228.9020117900595,43.75561613137187,,Rural,Excellent,D,2019
TXN-698,13-11-2023,258335.26824073234,1705.563139863566,82.44139980612097,1,Rural,Poor,A,2012
TXN-699,11-12-2022,148382.53762165076,1571.8327127758391,96.57866639,2,urban,Average,A,1979
TXN-700,27-10-2022,125321.59717276761,1640.2520397094236,77.73617041378405,1,Urban,Good,C,1974
TXN-701,23-09-2022,274994.0150393054,1695.6748520590654,91.81960850371934,1,Rural,Average,C,2020
TXN-702,25-02-2023,114442.5414619095,1753.888587424708,110.2454089140153,2,urban,Poor,D,1975
TXN-703,13-05-2023,80480.43189584388,1943.8799367824893,90.47419092213963,2,Rural,Poor,E,2005
TXN-704,05-12-2022,74733.62571207617,1663.927462771405,74.98617191283458,1,Suburban,Good,B,1971
TXN-705,02-08-2022,220357.16268189444,1403.496938152583,90.90176948169507,5,Suburban,Excellent,E,1968
TXN-706,25-10-2023,85800.94709,1769.0294804810924,72.89775666193782,2,Urban,Poor,A,1980
TXN-707,20-10-2023,391365.4632324501,2259.9527739580863,70.47806087,,urban,Poor,C,1975
TXN-708,13-10-2023,57470.97381190397,1446.9465014469706,62.97171528572535,3,Suburban,Poor,D,1991
TXN-709,19-06-2022,380114.64521876734,1110.1882781317433,101.26826717664215,4,Suburban,Good,E,1990
TXN-710,11-09-2022,180865.46265256952,1942.8322677147892,53.63142668115997,1,urban,Average,D,1972
TXN-711,05-05-2022,155071.78908494933,1451.8475344185606,100.64735449356232,1,Rural,Poor,E,1996
TXN-712,23-07-2023,123938.4631633725,630.9321815943855,79.99728247480743,4,urban,Good,A,1962
TXN-713,06-03-2023,198703.30413747008,1838.9686708601687,42.01387650396117,5,Rural,Poor,B,2015
TXN-714,21-11-2022,159720.81259520297,1285.868725618431,77.35298585982844,4,Suburban,Excellent,D,2015
TXN-715,23-06-2022,282561.34064033115,1463.7866870783357,27.99946984696752,2,Suburban,Good,D,1965
TXN-716,28-02-2023,172320.91880248903,1632.7921322276059,82.51016033662071,4,Suburban,Poor,B,2022
TXN-717,12-02-2022,175457.28127688446,1576.1998719116266,87.70462965977981,1,Urban,Good,D,1977
TXN-718,02-06-2022,135698.92092740454,1783.7807268556157,58.152880886958926,4,Urban,Poor,D,1984
TXN-719,14-06-2022,158186.05588949044,1325.8054517720627,72.47095391911165,3,Urban,Average,E,1990
TXN-720,29-10-2023,189833.1646180396,1705.2423192704332,109.08314867500573,,urban,Poor,E,1980
TXN-721,31-01-2023,69211.04949703134,1396.181328966433,59.88506591476127,2,Suburban,Good,B,1981
TXN-722,13-04-2023,82942.86605339129,1795.524192355001,48.82184825886799,4,Suburban,Excellent,A,2003
TXN-723,12-11-2022,236010.61150741306,1746.1469936052213,99.63326804925197,1,urban,Excellent,D,2021
TXN-724,01-01-2022,177270.61088342452,1125.8245191821618,109.25174381061589,,Urban,Excellent,A,2008
TXN-725,26-05-2022,148450.72022648115,1934.392846470013,70.07391343695694,2,urban,Poor,B,1990
TXN-726,06-07-2022,164261.83138412735,1285.6146219543807,90.22926070816712,1,Urban,Average,B,2015
TXN-727,07-06-2023,193646.7404598842,1823.223119312458,96.82951831061763,5,Suburban,Poor,E,2003
TXN-728,11-01-2023,124258.60037152834,1646.9149253605362,55.150315349232315,3,Rural,Excellent,D,1989
TXN-729,09-11-2023,110287.69474236366,2235.273470718049,60.29388329264263,5,Urban,Good,C,1977
TXN-730,03-09-2022,179498.58925013113,1410.6136070512591,94.61749026,3,Suburban,Excellent,B,1986
TXN-731,07-07-2023,99789.03746164878,1360.273281552721,103.70028557417018,4,Suburban,Good,D,2014
TXN-732,14-10-2022,199611.1250155714,1492.232157644907,81.2576172,2,Rural,Average,A,2023
TXN-733,05-06-2023,69474.02341557312,1378.728087,52.403712929958914,4,Suburban,Good,E,2004
TXN-734,19-11-2023,272277.7104345888,1819.976761,109.74122223398882,3,Suburban,Poor,A,1953
TXN-735,25-10-2023,206137.50832166718,853.4757566253649,59.38058204376071,3,Urban,Poor,B,1959
TXN-736,12-06-2023,184982.1970295133,1078.5270323414584,63.297244376570966,3,Urban,Poor,B,1996
TXN-737,11-01-2022,266024.97969240363,1072.8788313683228,76.84675668979243,,Rural,Good,A,1963
TXN-738,04-06-2022,374271.67716883187,1880.1230367894302,101.08320841429548,1,Rural,Poor,B,1987
TXN-739,18-03-2023,270272.24168150616,2184.2453490327703,87.07951953104447,2,Suburban,Poor,D,1961
TXN-740,01-12-2023,64832.53789555984,1458.2203125850115,78.29731000723821,4,Urban,Poor,B,1994
TXN-741,18-01-2022,85837.52263562797,1432.4713107239957,79.26577060236212,4,Rural,Average,E,1966
TXN-742,03-05-2022,119084.75091312382,1528.0208652452725,70.87029337286933,5,Rural,Good,D,1984
TXN-743,21-07-2022,164891.92282819457,1964.7513210432762,81.16279029037013,3,urban,Good,C,2015
TXN-744,10-05-2023,210834.66144390902,1129.0587463237703,19.40879844611394,3,Rural,Excellent,B,1990
TXN-745,25-01-2023,113224.52728648196,1595.3475930939142,64.06785081860403,3,Suburban,Good,B,2016
TXN-746,19-07-2023,178685.64758735793,1890.0790519129719,74.82643869833562,4,Urban,Average,E,1978
TXN-747,28-03-2022,111558.96161349099,1700.437667975938,46.97971832760986,5,Rural,Good,E,1967
TXN-748,03-06-2023,119879.34990132511,1575.8326466394974,77.72646636,1,urban,Average,A,1969
TXN-749,21-01-2023,80552.90492467521,1900.4184370268565,65.91057558027757,,Urban,Average,A,1963
TXN-750,27-11-2023,102578.47321077458,418.7070828003052,105.1095139663098,2,Rural,Good,A,1983
TXN-751,12-11-2023,82797.87677179356,1771.150127812363,101.46039450429713,1,urban,Excellent,E,1998
TXN-752,25-05-2022,99913.828,1238.3697267490304,60.68388861763674,4,Rural,Poor,A,2003
TXN-753,21-06-2023,275631.71792325313,767.7468412574173,66.98324577,,Urban,Poor,A,1980
TXN-754,18-01-2022,101245.19788867481,1704.4810398099924,68.52104868783215,,Urban,Good,C,2007
TXN-755,26-03-2023,606943.5287898896,2049.463418065183,60.966810476807545,,Urban,Good,A,1991
TXN-756,19-06-2023,208284.23711721456,1445.0205941489232,73.90049968056253,3,Suburban,Average,B,2007
TXN-757,29-01-2022,178513.2419148883,1881.1498188811756,54.834358622248196,2,Rural,Good,E,1979
TXN-758,31-08-2022,105960.44148573793,2144.9113031954585,47.38769330124947,4,Suburban,Average,D,1974
TXN-759,09-02-2022,230995.8305339596,2025.965781433619,82.45422447800537,4,Urban,Excellent,C,2012
TXN-760,23-05-2023,122049.39110139274,2155.9858117485574,82.59059168443622,,urban,Good,E,1968
TXN-761,23-10-2022,172992.74000713648,1796.8509964287568,53.91368480680015,4,Rural,Poor,E,2021
TXN-762,20-10-2022,585395.0919652008,1530.1734555606372,87.90710861525199,2,Suburban,Poor,B,1957
TXN-763,20-01-2023,155122.44474476823,859.2136752411326,57.368445416693376,2,Rural,Good,A,1952
TXN-764,09-11-2022,289131.43703763606,1401.5750047480205,75.06330476075962,5,urban,Average,B,2016
TXN-765,01-09-2023,114509.35336725331,1162.7013618735232,86.40688025224912,5,Suburban,Poor,A,1966
TXN-766,29-06-2023,159932.28002097012,2368.3770869991254,69.32774870592574,1,Urban,Average,A,1963
TXN-767,25-04-2023,394510.2171101559,1429.6456750270654,79.09481824282268,2,Suburban,Good,E,1958
TXN-768,13-10-2023,118956.89399162782,1549.2819227137943,59.67140712224857,2,Rural,Good,A,2011
TXN-769,11-02-2023,402811.61658595526,1720.594150416187,66.07066833143806,2,Rural,Poor,C,1970
TXN-770,02-09-2023,231856.97366787642,1517.4409785489815,65.88281138239319,5,Rural,Good,C,1986
TXN-771,19-07-2023,122855.80284666501,2178.0204161723013,55.06843306919522,,Rural,Excellent,C,1960
TXN-772,02-12-2022,223284.91250822454,1250.9402553062191,66.46451673768436,,Urban,Excellent,E,1969
TXN-773,26-05-2022,264680.1049952339,1577.842982094897,39.02763402272507,4,Suburban,Poor,B,1984
TXN-774,28-02-2022,222104.87986292024,1203.0117657207807,60.17692506,,Urban,Excellent,D,2002
TXN-775,11-06-2023,74227.32627933621,971.9909955117176,64.30249013260658,3,Urban,Average,A,1996
TXN-776,18-11-2023,113145.67334280259,1255.292363637886,64.87640495,5,Urban,Poor,D,2001
TXN-777,17-03-2023,143808.90982996722,1485.1852811806352,65.17005108258442,2,Rural,Poor,B,1957
TXN-778,15-08-2022,156808.92194670072,1328.2791101930961,68.76471600279743,,Rural,Average,B,1953
TXN-779,12-03-2023,221978.5531544736,1223.0316080504576,79.58883036172128,5,Rural,Excellent,E,1976
TXN-780,09-10-2022,177877.51963046734,937.4730145312665,87.49034148265045,,Suburban,Excellent,C,1993
TXN-781,25-02-2022,83477.11661,1466.7577709485222,57.00469546303466,1,urban,Excellent,C,1989
TXN-782,08-04-2022,196830.6366468672,898.1118503875991,45.93598289221711,2,Rural,Poor,B,1996
TXN-783,22-04-2022,220861.89433335283,1804.022385475841,49.15911175513794,1,Suburban,Poor,E,1993
TXN-784,14-06-2023,215323.15473900805,1532.9759011738013,60.255941576101456,2,Rural,Excellent,E,1997
TXN-785,24-07-2022,279397.384,916.9794002140278,62.961573643669816,5,Rural,Good,A,2001
TXN-786,13-03-2023,246954.91714589126,1376.3163691800546,54.600078676050856,4,Urban,Excellent,C,2017
TXN-787,06-09-2022,204759.22171746197,1199.1374377637667,44.07766671500211,,Urban,Average,B,1960
TXN-788,21-10-2023,157143.88730525243,1627.6698041676723,60.877583450516234,,Urban,Poor,D,2022
TXN-789,25-06-2022,70935.02053539596,2036.1801784092577,73.62853240227943,3,Suburban,Average,C,1953
TXN-790,17-01-2023,201754.94766349578,749.9310121417021,81.90058931671129,1,urban,Average,A,2022
TXN-791,10-01-2022,180564.59207658825,1546.0104316589668,58.851538937833574,,urban,Poor,E,1997
TXN-792,29-06-2022,186425.95565161697,1435.9468817733439,61.740043557131315,5,Suburban,Good,B,1975
TXN-793,04-10-2022,85958.99955,1768.5360305801862,51.466033823053785,4,Rural,Excellent,C,1988
TXN-794,27-06-2023,94794.97967213679,1585.2786512950756,69.37121659250447,5,Suburban,Average,D,2007
TXN-795,25-03-2023,275564.34202191856,1199.2122673044723,53.03142731618371,1,Rural,Poor,A,1968
TXN-796,03-03-2022,159567.51817398553,1372.3784257333527,81.46255626,3,Suburban,Average,A,2007
TXN-797,23-06-2022,228833.59263923476,1181.5896572786044,34.282670161317775,,Suburban,Excellent,C,1977
TXN-798,04-10-2023,165075.65914619676,1930.4028554394395,62.80740655095075,5,Suburban,Good,D,2015
TXN-799,22-11-2023,165194.37167882724,1508.524659468777,76.02214678383484,2,urban,Good,A,1959
TXN-800,19-01-2023,260183.3628046385,2260.476274301203,73.67669032645009,4,Urban,Good,B,2007
TXN-801,19-08-2023,125740.76374132826,1475.7356744741517,123.86067327960993,5,Suburban,Poor,A,2022
TXN-802,26-07-2022,170767.8632689766,1216.637293235815,76.99600049135815,4,urban,Poor,D,1963
TXN-803,20-08-2022,129167.12088722164,894.5142429548691,49.91890806315979,,Urban,Good,E,1964
TXN-804,09-02-2023,130973.7088557861,778.7441295,68.09071505821854,2,Urban,Excellent,E,1982
TXN-805,19-06-2023,139443.38258655614,866.3456227978041,34.475073330670966,3,Suburban,Excellent,C,1966
TXN-806,26-03-2022,181873.53935118302,1606.8506604045933,68.38800501406479,3,Rural,Poor,D,1973
TXN-807,23-01-2023,128107.58390889446,1703.4900092919736,53.33887885998483,2,Rural,Good,A,1979
TXN-808,07-01-2023,304942.36264184385,867.5237191871466,88.30780551120324,4,Rural,Excellent,A,2011
TXN-809,26-11-2022,104057.23350239701,1858.0153256304461,59.00919451,,Suburban,Excellent,E,1962
TXN-810,24-04-2023,148236.48926773458,1306.7755793266242,67.66468168409507,5,Rural,Excellent,E,2011
TXN-811,08-06-2022,130631.34450081925,1558.7172047942197,57.288843171911935,2,urban,Poor,B,1996
TXN-812,28-07-2022,335537.47971902444,2144.888251,104.77702703706663,1,urban,Good,E,1965
TXN-813,14-06-2023,179562.27959329725,1858.7357263462127,63.57514467764177,4,urban,Average,B,2015
TXN-814,26-08-2023,272644.0206820525,1392.587740837667,106.65114086958403,3,urban,Good,A,1992
TXN-815,07-08-2022,77436.98699,1143.523109833885,86.28303524236533,2,Urban,Good,B,1957
TXN-816,01-08-2023,186004.31157447957,639.2738394682781,79.64133454670772,3,urban,Poor,B,1952
TXN-817,29-09-2022,253930.37590410124,1212.338672303032,77.37466295,4,Rural,Excellent,C,1961
TXN-818,05-10-2023,169590.50135970322,1415.5479044689223,77.87594596432503,3,Suburban,Excellent,E,1965
TXN-819,05-03-2023,277268.10011403967,1105.1281891395265,31.446548413087797,2,Rural,Poor,B,2008
TXN-820,05-03-2023,125662.5947792344,1447.4972131630782,64.42233211698488,4,urban,Poor,A,1998
TXN-821,18-09-2022,329283.28901817097,1530.7407531835072,86.90315942368643,1,Urban,Poor,D,2012
TXN-822,09-11-2023,513727.9179670852,1410.0576072767685,69.02205633051788,2,urban,Poor,B,2011
TXN-823,03-09-2023,135751.42293678405,1239.9989676706161,41.896203063928496,5,Suburban,Poor,E,1998
TXN-824,22-09-2023,130254.92089679542,1567.461868786691,68.95191099,,Rural,Average,C,2000
TXN-825,26-02-2023,336614.02904656273,1676.7762598277636,104.08211032510982,2,Suburban,Good,A,1982
TXN-826,07-09-2022,358536.61685278855,1063.8403690228615,94.93783431069438,4,Suburban,Good,C,1979
TXN-827,22-07-2022,125313.01252169705,2064.3729518985083,68.75991981267937,,Suburban,Good,D,2008
TXN-828,27-04-2022,131914.14739594515,1460.5647470862953,89.02898554116173,2,Rural,Excellent,B,1964
TXN-829,08-10-2023,141366.02044932733,1507.539849177939,62.669859592638964,1,urban,Average,B,1972
TXN-830,28-03-2022,83097.90288,1783.2857693026228,35.92256826346562,1,Suburban,Good,E,1994
TXN-831,31-03-2022,102813.71389544368,1593.2864525054006,51.51068023740891,5,Rural,Excellent,B,2011
TXN-832,09-01-2022,98511.60294552178,1881.254653565298,101.25777537016396,3,Urban,Average,A,2020
TXN-833,04-11-2022,110868.62463087312,1614.8496660807298,64.52013836341392,,Rural,Average,D,1964
TXN-834,23-06-2022,159956.55983259628,1255.025050143825,65.13232041249964,4,Urban,Excellent,C,1995
TXN-835,15-04-2022,182975.46764788908,1644.6014100824407,64.00323607450238,4,Rural,Average,D,2013
TXN-836,22-07-2022,353362.6855944852,1042.5095170717352,108.08273179146013,3,urban,Excellent,B,1995
TXN-837,22-02-2023,98797.04551856683,1543.4238823106093,102.51917830724126,1,Suburban,Good,C,2005
TXN-838,24-02-2022,266242.0667288517,1486.7080037422156,114.37560466896268,1,urban,Excellent,E,1993
TXN-839,03-01-2022,146240.17420108488,1416.753257090984,66.81909579199898,2,Rural,Average,D,1978
TXN-840,06-03-2022,158778.93139747312,1448.5849954244277,75.91248977,5,Suburban,Good,C,2011
TXN-841,27-12-2022,228070.42597200684,747.2603818009444,39.66714901158418,,Urban,Good,C,2001
TXN-842,08-01-2023,92840.56900236511,1280.5100369036154,99.53868852236549,5,Rural,Poor,C,2003
TXN-843,24-01-2023,197048.44143305588,1537.1379604564459,46.64440897,5,Suburban,Poor,A,2006
TXN-844,24-01-2023,176879.87416322608,1563.9425567989601,74.33551127525259,2,Urban,Average,D,2015
TXN-845,17-01-2022,208194.00326867343,1088.9299436296167,48.053949447343115,5,Urban,Excellent,C,1971
TXN-846,11-06-2022,188072.78515259747,2006.2831363458804,58.22266346522608,3,urban,Excellent,D,1969
TXN-847,12-04-2023,555514.5442323055,1153.5300607141996,53.254751379005995,2,Rural,Average,C,1982
TXN-848,29-12-2022,118317.85966849554,1887.7828802106947,57.84249478648364,3,Urban,Good,E,2021
TXN-849,31-07-2023,124804.21676142368,1670.8777447486739,59.21754593702043,2,Suburban,Average,E,1974
TXN-850,29-09-2022,119184.70799934703,1241.5090760624787,59.03462410149846,5,Urban,Average,E,1995
TXN-851,19-10-2023,123285.91393594778,2210.1243570438046,86.66667823560614,3,Urban,Good,B,2022
TXN-852,07-08-2022,118338.73614928298,1022.5452672974079,47.90274414,3,urban,Excellent,C,2006
TXN-853,07-04-2022,294934.4082114722,1867.6616694440006,74.41082854027734,3,urban,Average,B,1954
TXN-854,13-07-2023,331125.29715851496,1900.2329272171914,94.35918304611117,2,Suburban,Excellent,D,2004
TXN-855,16-08-2022,122348.26071589389,1231.751916369342,59.73607270973208,4,urban,Average,B,2010
TXN-856,19-10-2023,107347.03826948885,2056.9861200257315,55.641622185047964,5,Urban,Good,D,1957
TXN-857,15-06-2023,206015.72466695326,1399.9813941604189,65.38950749639498,3,Urban,Good,D,1965
TXN-858,24-06-2022,123486.66800660937,1615.4774517119429,93.59450416721421,,urban,Poor,D,1997
TXN-859,23-09-2022,223343.42960811875,1604.1287355084883,73.88215261906716,4,Urban,Good,B,2010
TXN-860,14-10-2023,180134.9390536311,1446.2765034117808,59.375714107848026,,Urban,Poor,C,1964
TXN-861,21-08-2023,76277.09247440824,1824.323309263913,79.67753302376079,5,Suburban,Average,B,2014
TXN-862,24-05-2023,352833.86956140224,1817.3954882208852,47.95415700327153,5,urban,Excellent,C,1971
TXN-863,12-03-2023,399487.9322298084,800.5872107047277,83.62719020885896,3,Urban,Good,C,1952
TXN-864,11-01-2023,119803.19751597045,2021.736097151261,78.17214615403535,3,urban,Good,D,2003
TXN-865,13-09-2022,134074.27548490936,835.0032047857303,63.84383057722232,2,Suburban,Good,B,1963
TXN-866,17-07-2022,187762.4155174354,1913.018481736663,53.22828403105538,4,urban,Average,C,1985
TXN-867,21-08-2022,192380.10259376245,1950.6820547310333,52.266381554330856,4,Urban,Poor,E,2016
TXN-868,14-07-2023,226222.0088993108,1063.6134279139208,80.69634672691821,3,urban,Average,C,1959
TXN-869,01-07-2022,444676.4728280696,1335.6742848181661,94.57961004978124,5,Urban,Excellent,E,1998
TXN-870,14-08-2023,148973.89768409374,1057.7181326056257,57.25384505942411,3,Urban,Average,B,2014
TXN-871,22-09-2022,109190.72226395618,1414.0315878845058,79.16773407102968,5,Urban,Excellent,B,2006
TXN-872,09-10-2023,81661.70027,1376.7862863257035,28.259459627958627,5,Suburban,Good,B,1976
TXN-873,08-01-2022,112931.30359367166,1811.864212907736,58.30764538685601,3,urban,Excellent,C,1954
TXN-874,29-09-2023,160081.20769697777,2024.1234984478433,69.37882134258196,1,Suburban,Excellent,A,2020
TXN-875,12-05-2022,399224.3952,2058.2735243159823,51.80633166036333,4,urban,Poor,C,2006
TXN-876,22-10-2022,125642.31139889828,1275.1327893686791,51.26987250420808,,Suburban,Excellent,C,1964
TXN-877,11-05-2022,182024.02736230224,1416.3112505021888,56.64440887062227,5,Rural,Excellent,D,1979
TXN-878,23-11-2022,161423.8110235301,826.6247231116199,75.84385456652747,5,Urban,Average,D,1969
TXN-879,06-05-2022,294842.5124664187,1177.6519734015246,66.25341963,1,Urban,Good,C,1986
TXN-880,04-01-2023,575771.5307199917,1885.940653238983,25.235375333500556,,Suburban,Average,E,1952
TXN-881,11-09-2023,124812.21584989793,2146.2331294192927,27.585996947298675,2,Rural,Average,D,2022
TXN-882,05-04-2023,127424.62327270437,1006.2604512480311,57.86269644285649,1,Urban,Good,C,1990
TXN-883,13-05-2023,274328.1889576516,1263.0142963388423,79.15373172107104,,urban,Good,A,1988
TXN-884,02-08-2023,228878.3102056058,1489.4376972164291,15.049903145495307,1,Suburban,Excellent,E,1975
TXN-885,30-09-2022,409770.9659121994,1612.0644635278427,60.00539647696739,5,Urban,Excellent,B,1951
TXN-886,17-12-2022,217937.6066248527,1176.1585920313414,59.475042869651574,4,Urban,Poor,C,1972
TXN-887,05-01-2023,135992.35563965354,1669.6244177856358,97.76675556416896,1,Suburban,Average,C,1972
TXN-888,26-05-2023,218671.8351523321,1310.4642611716336,62.299563765742725,2,Suburban,Good,E,1965
TXN-889,10-11-2022,283325.52774722216,1494.2190916486884,77.65977969481857,3,urban,Excellent,D,1958
TXN-890,21-03-2022,245300.94694619812,1718.5136992014798,72.82514280174927,,urban,Good,D,1962
TXN-891,29-08-2022,209742.7409348895,1502.568907924375,27.38867040385599,1,Urban,Excellent,D,1977
TXN-892,14-12-2022,277433.72221981594,1325.4456437893725,85.36414433263475,1,Urban,Poor,B,1976
TXN-893,17-09-2023,292040.5072893442,1456.1560784296676,74.30793010912576,2,Suburban,Poor,E,2000
TXN-894,08-02-2022,324837.22689252277,1464.6548163178659,80.16537279,4,Urban,Good,E,2013
TXN-895,18-01-2022,225112.36213363142,1351.9955880471489,148.52475412872653,1,Urban,Poor,D,2001
TXN-896,23-04-2023,149707.8429036887,1396.481574933159,28.31774121002823,1,Suburban,Good,D,1987
TXN-897,31-03-2022,175142.78652416464,2139.4588682018866,104.49393299522217,4,Urban,Excellent,A,2014
TXN-898,11-09-2023,297525.2824119164,1724.3677791764956,64.25104961199288,2,Urban,Average,A,1967
TXN-899,23-02-2023,108177.87742980222,1381.8078727883358,75.74657808806019,,Rural,Poor,C,2012
TXN-900,04-05-2022,195699.7066561515,1778.7817618042943,69.08975509397516,,urban,Excellent,C,2000
TXN-901,03-02-2022,133696.90230666407,1366.472204097596,61.51527333203913,1,Suburban,Average,E,1958
TXN-902,27-11-2022,165110.86089264156,1969.2498550346565,58.60334143522483,4,Rural,Average,E,1962
TXN-903,25-07-2022,308422.5173010041,1647.8568768792375,76.59017471146018,1,urban,Average,B,1989
TXN-904,16-01-2023,179073.12733786774,1457.0791423983085,39.656526066566414,3,urban,Excellent,B,2004
TXN-905,18-09-2022,166577.88787706298,1679.086770324111,85.01158335043532,,urban,Excellent,A,1992
TXN-906,25-06-2023,82460.27403558025,871.6495391726003,61.67611190229492,5,Rural,Good,C,1993
TXN-907,27-11-2022,236363.64884842793,1049.2930124360778,47.398613219192846,3,Rural,Average,A,2017
TXN-908,19-07-2022,224749.5815690813,1022.4299974403779,60.99974284008373,1,urban,Average,A,1982
TXN-909,24-04-2022,480041.27158316964,1557.1772379054828,95.14298433725145,2,Urban,Average,C,1973
TXN-910,06-01-2022,139540.60072521717,2193.0059997940366,59.29329825967554,,Urban,Good,B,1985
TXN-911,14-09-2023,181602.4368,2392.5200584770528,77.16907236,5,Rural,Average,C,1959
TXN-912,24-05-2022,184368.51671077238,1755.220440576303,55.38087448569053,3,Rural,Excellent,D,1969
TXN-913,31-07-2022,358156.97247445735,1700.337789977783,85.158437,,Rural,Average,D,1961
TXN-914,07-07-2023,155181.74134019506,779.5769063389045,83.71015477580409,4,urban,Poor,D,2011
TXN-915,16-07-2022,187121.00327035424,1282.9304801063913,106.97217666592823,2,Urban,Excellent,E,1967
TXN-916,03-12-2022,220565.1190718645,1184.8864992367044,66.48872109001569,3,Rural,Good,B,2012
TXN-917,16-11-2023,178671.56402166362,1251.6609606995535,83.37309609515813,4,Rural,Average,B,1974
TXN-918,08-09-2022,130194.29527763056,1432.7424725660842,71.96135079,1,Suburban,Poor,E,1961
TXN-919,03-01-2022,179341.12481380583,1311.163768921149,95.91743563726028,4,urban,Good,A,1970
TXN-920,26-03-2023,278400.4642289026,708.2800758496849,55.623352247825395,3,Suburban,Good,D,1974
TXN-921,21-12-2022,97415.66908889462,1799.1641024470136,84.90010625754562,3,Urban,Excellent,D,1960
TXN-922,10-09-2023,173943.33027488922,1070.9027897040773,66.10605407766637,1,Suburban,Good,A,2013
TXN-923,06-05-2022,114684.4350518536,1595.698746,68.71623645783005,4,Suburban,Good,C,2022
TXN-924,22-11-2023,295824.99177892326,2329.6330678999893,71.83504968896746,4,Suburban,Good,C,1999
TXN-925,29-03-2022,75993.76280976478,1132.2461633654307,75.04480792853354,1,urban,Good,B,2011
TXN-926,15-06-2023,123073.75347044293,487.8849909014681,67.67541913756084,4,Urban,Average,E,1998
TXN-927,05-03-2023,196536.99013398492,1385.5983112479557,74.29426366341053,,Suburban,Average,B,1963
TXN-928,25-06-2022,356027.05873103224,1940.3838539994285,101.56236115124369,1,urban,Average,C,1950
TXN-929,29-05-2022,157491.2010697604,2283.3389816882377,89.70899371230436,2,Urban,Average,A,1974
TXN-930,20-01-2023,123303.02674401841,1008.1801622190333,87.38309184993793,3,Rural,Poor,B,2008
TXN-931,20-06-2023,416890.3575694625,1698.6796892946086,60.889209479522584,2,Suburban,Average,D,2021
TXN-932,12-05-2023,78904.46136550757,1313.8758172879786,52.21518343543352,,Urban,Good,D,2018
TXN-933,17-11-2022,54208.717918063594,1457.6206582783457,89.10601116475506,,Suburban,Average,A,1954
TXN-934,13-04-2023,202806.4236553492,2557.737338806814,87.52093585059589,5,Rural,Average,C,1968
TXN-935,26-05-2022,126623.4357189442,898.8118686419388,99.45341351501963,5,Urban,Excellent,D,1972
TXN-936,14-11-2022,97673.30745453795,1601.4958645978295,57.92038748061541,5,urban,Good,D,1958
TXN-937,19-02-2022,231927.06440334636,1687.0772687061733,65.40902689279307,1,Urban,Average,E,1999
TXN-938,24-05-2023,183854.57243507245,1934.3145299757389,37.21031674949132,4,urban,Average,B,1965
TXN-939,14-10-2022,122756.82987416706,1539.1932613883582,62.15057787878254,,Urban,Average,C,1982
TXN-940,29-04-2022,85806.30783503129,1623.220215801641,89.93141021158894,2,urban,Poor,B,1951
TXN-941,31-05-2023,251759.2780545083,1343.3405730312836,60.670092415436045,2,Rural,Average,C,1963
TXN-942,15-07-2022,225280.27867773105,1607.650776498043,82.80959590401648,2,Rural,Excellent,D,1950
TXN-943,30-09-2022,154880.9549310571,1362.7230898010357,66.18993788004377,2,Rural,Good,E,2007
TXN-944,13-11-2023,409756.55663338304,1748.6287559424204,76.48114056443121,5,Urban,Good,B,1965
TXN-945,29-03-2023,95316.44326006217,1352.1558655825465,47.04617220368665,2,Rural,Average,D,1996
TXN-946,11-03-2022,75904.96790515755,1650.8401575608746,71.70418899267803,4,Suburban,Average,C,1993
TXN-947,01-01-2023,115156.34031173105,1488.2948745260087,10.177280581985535,5,Rural,Average,B,1963
TXN-948,03-06-2022,159087.07802445773,1950.4201003088672,66.26207684,2,urban,Good,B,1973
TXN-949,05-09-2022,183812.17453544145,1479.4425105646055,37.39053513,1,urban,Good,D,2004
TXN-950,15-08-2022,144261.36542940626,790.7870127172474,94.11989033093633,3,urban,Poor,B,1964
TXN-951,19-11-2022,194080.3831,2004.7686002855967,85.54814705529023,3,Urban,Excellent,E,2021
TXN-952,19-05-2023,87049.33344,1137.7070796549524,79.33341963932162,3,Suburban,Poor,E,1983
TXN-953,12-03-2022,334998.82456391986,1238.4934645404721,100.4201245431876,5,Rural,Excellent,D,1951
TXN-954,23-01-2022,156204.98198722652,1261.735482382603,51.021669583503254,2,Suburban,Poor,C,1976
TXN-955,22-09-2023,284545.3481471278,2049.775237268327,104.94726395831117,,Suburban,Good,D,2023
TXN-956,22-11-2023,193177.10183020617,645.7303144085218,88.64383129,,urban,Poor,E,2021
TXN-957,06-04-2022,204510.91141147027,2755.0994134639977,65.26889425562108,,urban,Excellent,A,1972
TXN-958,29-09-2023,216399.95978458214,1922.4227236264207,92.71240294365889,5,urban,Average,A,2017
TXN-959,20-02-2023,203588.13379469732,1589.2955656516638,47.87412975176731,4,Urban,Excellent,B,1963
TXN-960,15-01-2023,224439.48155965435,1478.0423997534854,53.50971676944653,1,Suburban,Average,B,2012
TXN-961,06-04-2022,316341.07604775747,1614.2216299430627,57.828205535205996,1,Suburban,Good,A,2014
TXN-962,19-11-2023,179559.26236093094,1708.4489713517353,59.420445838719694,3,Urban,Excellent,E,2017
TXN-963,11-05-2022,232002.14093970612,1758.0862343800227,48.86884714479494,3,Urban,Poor,B,2012
TXN-964,08-11-2023,155613.7341935171,1722.2417864013794,94.46166134,,Urban,Excellent,D,2013
TXN-965,31-01-2023,334388.44585433166,1535.8322725020996,64.82291199260337,,Suburban,Average,D,1981
TXN-966,03-05-2022,116053.18413860793,1421.0646318770696,77.05009936713759,3,Suburban,Good,E,1962
TXN-967,19-05-2023,400500.46897170006,1439.4906865385954,58.592972671726386,2,urban,Poor,B,2015
TXN-968,17-03-2022,159519.43202720585,1422.0366878589275,33.58793398902966,4,urban,Excellent,D,1968
TXN-969,26-08-2022,79587.50991785227,1953.5080387468258,75.40114716782844,4,Suburban,Average,B,1973
TXN-970,04-06-2022,173520.7048318005,1737.4226889123447,31.75490049160446,4,urban,Poor,B,1960
TXN-971,26-02-2023,115783.13231160087,323.84454613428784,68.62731907829063,4,Urban,Good,D,2008
TXN-972,29-09-2022,247786.25400267186,1762.3603106119044,42.63369922334379,3,Rural,Poor,A,1964
TXN-973,08-05-2022,117440.60675538168,1577.894478,109.74551998461615,1,urban,Good,D,1959
TXN-974,12-05-2023,130210.5823876417,1492.5164974216411,88.22725444349443,3,Suburban,Poor,E,1990
TXN-975,17-04-2023,63273.99071573217,1344.5926187644457,72.11507582542961,4,urban,Excellent,C,1976
TXN-976,28-06-2022,129812.55968221853,1949.6450879944055,95.27413355309338,3,urban,Average,D,2009
TXN-977,28-05-2022,48438.98950459582,1879.010584849143,53.07368045068529,4,urban,Excellent,B,2022
TXN-978,05-12-2022,73721.4137,1190.8489328705564,80.86958757340186,5,Rural,Excellent,B,2001
TXN-979,27-12-2022,238043.17126459672,1662.820914849814,73.99620867437427,,Urban,Good,D,1977
TXN-980,21-10-2022,241083.85049504082,1111.3373061834857,75.28040163,1,Suburban,Good,C,2014
TXN-981,27-01-2023,201335.66733244795,948.1527340844278,95.44707000213535,5,Rural,Good,D,1966
TXN-982,12-01-2023,100359.29025207703,1249.313110164014,84.64984205559604,2,Suburban,Excellent,C,1993
TXN-983,02-02-2023,158918.11077034494,1844.9573889531034,75.77447325650047,3,Suburban,Poor,C,1959
TXN-984,04-11-2022,162461.89,1881.2500181504347,36.902251275434075,2,Suburban,Poor,E,2012
TXN-985,16-06-2022,91200.68211847803,1705.2341680389172,50.79907409441073,3,Rural,Excellent,B,1996
TXN-986,23-12-2022,345137.83945866546,1790.038314739199,67.54582132808552,,Urban,Excellent,B,1987
TXN-987,17-01-2022,252377.47068074052,1706.4713148459834,71.86744748553302,5,Suburban,Average,C,2019
TXN-988,13-03-2022,145731.0258783145,1243.4073619108192,47.39592550652152,,Urban,Good,B,2002
TXN-989,12-06-2023,164957.46297536854,1672.7690178695761,118.23353351156842,4,Urban,Good,A,1993
TXN-990,19-06-2023,180627.36008423616,1820.163810091073,100.32788110507146,,urban,Excellent,C,2023
TXN-991,03-02-2023,58637.667888265336,1801.7165319254298,82.04236640784967,,Rural,Excellent,B,2003
TXN-992,16-07-2023,143833.44953664546,1975.5653485898572,71.44073723,4,Rural,Poor,A,1969
TXN-993,27-10-2022,115729.15577112763,1783.3215388804256,65.75582060197696,3,urban,Excellent,E,1980
TXN-994,07-10-2022,98635.84312321203,1640.579283016633,50.96163079955529,4,urban,Poor,B,1956
TXN-995,27-10-2022,141414.39823830503,1928.060095326571,71.54961037037725,5,Urban,Excellent,A,2007
TXN-996,20-04-2023,399849.4032901854,1489.391496300376,75.15505080285502,,Suburban,Average,D,1959
TXN-997,30-08-2022,224228.6189416203,1147.250139508913,45.16478849036751,4,Rural,Average,D,1959
TXN-998,05-03-2022,122321.79377548437,1434.7732144224944,76.68352834489795,,Suburban,Poor,A,1988
TXN-999,08-08-2022,216704.8115,1202.0389420774204,66.89481902350502,5,Suburban,Good,C,1977
TXN-0,23-07-2022,208638.23048684612,2059.7421746344007,56.496434500512365,,Suburban,Excellent,A,1988
TXN-1,31-01-2023,151883.31634643575,1869.8534731651075,67.10962658568964,4,urban,Average,D,1976
TXN-2,28-01-2023,224997.43228400403,1523.8521479680696,54.15160158000077,2,Urban,Poor,A,2023
TXN-3,12-02-2022,348542.3170979205,1241.2252889177705,63.84076940721919,,Urban,Excellent,C,2012
TXN-4,04-07-2023,144773.14986612904,1779.289325445436,32.12770666092429,1,Urban,Average,A,2017
TXN-5,19-03-2022,144774.3383,1657.3941541686997,74.26587414745877,2,Urban,Excellent,A,1968
TXN-6,15-09-2023,358472.20611784136,1858.0772880110928,70.02410950724449,5,Suburban,Poor,B,1977
TXN-7,24-09-2023,238880.17959087272,1754.0687206727878,53.658227378636184,2,Rural,Poor,A,1982
TXN-8,17-05-2023,128703.01334607329,1919.8210861277341,83.18491337,4,Rural,Average,E,1959
TXN-9,19-10-2022,213476.07015652393,1285.9059153757728,88.75140275253116,1,urban,Excellent,D,1979
TXN-10,16-08-2022,129093.3614302812,2026.9576262537303,37.84880271262052,4,Rural,Average,B,1971
TXN-11,02-11-2023,128944.21181011014,1579.0398418769598,54.745504428675716,1,Rural,Average,D,1952
TXN-12,05-10-2023,183685.64708405218,2330.104349050106,54.617153004254035,,Rural,Excellent,D,1997
TXN-13,12-05-2023,62527.383618811975,1224.3248727641728,51.20193797782271,5,Rural,Average,C,1951
TXN-14,04-12-2022,68702.51484614842,2194.3855212660997,86.58949683863497,1,urban,Poor,C,2003
TXN-15,10-04-2022,122866.81408583872,1579.1643133850591,66.12347722454393,1,Suburban,Excellent,B,1955
TXN-16,18-01-2023,98084.48124641272,1239.4327985542207,64.70970317378779,1,Urban,Excellent,C,1989
TXN-17,29-05-2022,190445.9423899693,1306.4456663782714,29.92275271186493,2,Rural,Excellent,C,1951
TXN-18,08-11-2023,103361.51353460719,1371.861076722272,82.70836060418452,,Suburban,Excellent,C,2022
TXN-19,03-02-2022,80325.96112235193,1669.6663785607666,45.21483210293055,2,Rural,Average,D,1951
